Approach,Size,Difficulty,TimeStep,NumChanges,AdaptTime,SuccessRate,AvgPathLength
A* Static,20,Easy,0,0,0,1,5.54232
A* Static,20,Easy,1,1,0,0.996865,5.53774
A* Static,20,Easy,2,2,0,0.931034,5.38047
A* Static,20,Easy,3,1,0,0.880878,5.45907
A* Static,20,Easy,4,1,0,0.84326,5.36431
A* Static,20,Easy,5,1,0,0.84326,5.36431
A* Static,20,Easy,6,1,0,0.836991,5.37079
A* Static,20,Easy,7,1,0,0.736677,5.20426
A* Static,20,Easy,8,1,0,0.724138,5.1645
A* Static,20,Easy,9,1,0,0.724138,5.1645
A* Static,20,Easy,10,1,0,0.724138,5.1645
A* Static,20,Easy,11,1,0,0.724138,5.1645
A* Static,20,Easy,12,6,0,0.680251,5.11982
A* Static,20,Easy,13,1,0,0.605016,4.80311
A* Static,20,Easy,14,2,0,0.579937,4.83243
A* Static,20,Easy,15,1,0,0.579937,4.83243
A* Static,20,Easy,16,1,0,0.583072,4.84409
A* Static,20,Easy,17,1,0,0.583072,4.84409
A* Static,20,Easy,18,1,0,0.583072,4.84409
A* Static,20,Easy,19,1,0,0.586207,4.85027
A* Static,20,Easy,20,1,0,0.586207,4.85027
A* Static,20,Easy,21,1,0,0.579937,4.81081
A* Static,20,Easy,22,1,0,0.576803,4.80435
A* Static,20,Easy,23,1,0,0.570533,4.81868
A* Static,20,Easy,24,3,0,0.601881,4.72917
A* Static,20,Easy,25,1,0,0.601881,4.72917
A* Static,20,Easy,26,1,0,0.60815,4.7268
A* Static,20,Easy,27,1,0,0.595611,4.66316
A* Static,20,Easy,28,1,0,0.592476,4.66667
A* Static,20,Easy,29,1,0,0.589342,4.67553
A* Static,20,Easy,30,1,0,0.583072,4.62903
A* Static,20,Easy,31,1,0,0.583072,4.62903
A* Static,20,Easy,32,1,0,0.579937,4.60541
A* Static,20,Easy,33,1,0,0.579937,4.60541
A* Static,20,Easy,34,1,0,0.576803,4.59239
A* Static,20,Easy,35,1,0,0.576803,4.59239
A* Static,20,Easy,36,1,0,0.576803,4.61413
A* Static,20,Easy,37,1,0,0.579937,4.61081
A* Static,20,Easy,38,1,0,0.567398,4.61326
A* Static,20,Easy,39,2,0,0.545455,4.66092
A* Static,20,Easy,40,1,0,0.545455,4.66092
A* Static,20,Easy,41,1,0,0.54232,4.6763
A* Static,20,Easy,42,1,0,0.539185,4.68605
A* Static,20,Easy,43,1,0,0.520376,4.68675
A* Static,20,Easy,44,1,0,0.504702,4.73292
A* Static,20,Easy,45,1,0,0.501567,4.7375
A* Static,20,Easy,46,1,0,0.501567,4.73125
A* Static,20,Easy,47,4,0,0.470219,4.85333
A* Static,20,Easy,48,1,0,0.467085,4.87248
A* Static,20,Easy,49,1,0,0.467085,4.87248
A* Static,20,Easy,50,1,0,0.467085,4.87248
A* Oracle,20,Easy,0,0,0,1,5.54232
A* Oracle,20,Easy,1,1,0.0442421,1,5.53918
A* Oracle,20,Easy,2,2,0.044435,1,5.59248
A* Oracle,20,Easy,3,1,0.0444131,1,5.62382
A* Oracle,20,Easy,4,1,0.0441622,1,5.59875
A* Oracle,20,Easy,5,1,0.0444265,1,5.60188
A* Oracle,20,Easy,6,1,0.0442455,1,5.60188
A* Oracle,20,Easy,7,1,0.0444309,1,5.60188
A* Oracle,20,Easy,8,1,0.0446441,1,5.62069
A* Oracle,20,Easy,9,1,0.0443294,1,5.61755
A* Oracle,20,Easy,10,1,0.0446322,1,5.61442
A* Oracle,20,Easy,11,1,0.0442205,1,5.60188
A* Oracle,20,Easy,12,6,0.0440483,1,5.57994
A* Oracle,20,Easy,13,1,0.0439079,1,5.57994
A* Oracle,20,Easy,14,2,0.0438212,1,5.58307
A* Oracle,20,Easy,15,1,0.0438951,1,5.58307
A* Oracle,20,Easy,16,1,0.0437185,1,5.58621
A* Oracle,20,Easy,17,1,0.0437961,1,5.57994
A* Oracle,20,Easy,18,1,0.0435604,1,5.57053
A* Oracle,20,Easy,19,1,0.0438079,1,5.5674
A* Oracle,20,Easy,20,1,0.0437522,1,5.56426
A* Oracle,20,Easy,21,1,0.043808,1,5.5674
A* Oracle,20,Easy,22,1,0.0440077,1,5.57053
A* Oracle,20,Easy,23,1,0.0441197,1,5.5768
A* Oracle,20,Easy,24,3,0.0440969,1,5.5674
A* Oracle,20,Easy,25,1,0.0443209,1,5.56426
A* Oracle,20,Easy,26,1,0.0440517,1,5.56426
A* Oracle,20,Easy,27,1,0.044475,1,5.56113
A* Oracle,20,Easy,28,1,0.0445224,1,5.56113
A* Oracle,20,Easy,29,1,0.0441801,1,5.56426
A* Oracle,20,Easy,30,1,0.0441727,1,5.56426
A* Oracle,20,Easy,31,1,0.0441111,1,5.55799
A* Oracle,20,Easy,32,1,0.045155,1,5.55486
A* Oracle,20,Easy,33,1,0.0438667,1,5.54859
A* Oracle,20,Easy,34,1,0.0445721,1,5.54232
A* Oracle,20,Easy,35,1,0.0444072,1,5.54232
A* Oracle,20,Easy,36,1,0.0444199,1,5.54232
A* Oracle,20,Easy,37,1,0.043976,1,5.54232
A* Oracle,20,Easy,38,1,0.0437367,1,5.53918
A* Oracle,20,Easy,39,2,0.0437103,1,5.52038
A* Oracle,20,Easy,40,1,0.043662,1,5.51724
A* Oracle,20,Easy,41,1,0.0437278,1,5.52351
A* Oracle,20,Easy,42,1,0.0436753,1,5.51724
A* Oracle,20,Easy,43,1,0.0436362,1,5.51724
A* Oracle,20,Easy,44,1,0.0434678,1,5.52351
A* Oracle,20,Easy,45,1,0.0437993,1,5.52351
A* Oracle,20,Easy,46,1,0.0439074,1,5.52351
A* Oracle,20,Easy,47,4,0.0435904,1,5.51724
A* Oracle,20,Easy,48,1,0.0461803,1,5.52038
A* Oracle,20,Easy,49,1,0.0440211,1,5.52038
A* Oracle,20,Easy,50,1,0.0439503,1,5.52038
Local,20,Easy,0,0,0,1,5.74608
Local,20,Easy,1,1,0.976069,1,5.57053
Local,20,Easy,2,2,0.830367,1,5.59248
Local,20,Easy,3,1,0.720636,1,5.62382
Local,20,Easy,4,1,0.745619,1,5.59875
Local,20,Easy,5,1,0.551484,1,5.60188
Local,20,Easy,6,1,0.717738,1,5.59875
Local,20,Easy,7,1,0.514864,1,5.59875
Local,20,Easy,8,1,0.730644,1,5.62696
Local,20,Easy,9,1,0.616051,1,5.61755
Local,20,Easy,10,1,0.587337,1,5.61442
Local,20,Easy,11,1,0.623472,1,5.61442
Local,20,Easy,12,6,0.927597,1,5.58934
Local,20,Easy,13,1,1.17257,1,5.57994
Local,20,Easy,14,2,0.699725,1,5.58307
Local,20,Easy,15,1,0.508301,1,5.58307
Local,20,Easy,16,1,0.732067,1,5.58621
Local,20,Easy,17,1,0.692487,1,5.57994
Local,20,Easy,18,1,0.500239,1,5.57367
Local,20,Easy,19,1,0.511547,1,5.5674
Local,20,Easy,20,1,0.712558,1,5.56426
Local,20,Easy,21,1,0.556202,1,5.5674
Local,20,Easy,22,1,0.47113,1,5.57053
Local,20,Easy,23,1,0.556505,1,5.5768
Local,20,Easy,24,3,0.606504,1,5.5674
Local,20,Easy,25,1,0.592528,1,5.56426
Local,20,Easy,26,1,0.429822,1,5.56426
Local,20,Easy,27,1,0.442416,1,5.56113
Local,20,Easy,28,1,0.554902,1,5.56113
Local,20,Easy,29,1,0.405985,1,5.56426
Local,20,Easy,30,1,0.480199,1,5.56113
Local,20,Easy,31,1,0.407771,1,5.55486
Local,20,Easy,32,1,0.784397,1,5.55172
Local,20,Easy,33,1,0.527786,1,5.54545
Local,20,Easy,34,1,0.675317,1,5.54232
Local,20,Easy,35,1,0.362419,1,5.54232
Local,20,Easy,36,1,0.423732,1,5.54232
Local,20,Easy,37,1,0.627203,1,5.54232
Local,20,Easy,38,1,0.492081,1,5.53605
Local,20,Easy,39,2,0.565801,1,5.52978
Local,20,Easy,40,1,0.777795,1,5.51724
Local,20,Easy,41,1,0.576114,1,5.52351
Local,20,Easy,42,1,0.536974,1,5.51411
Local,20,Easy,43,1,0.611422,1,5.51411
Local,20,Easy,44,1,0.53357,1,5.52038
Local,20,Easy,45,1,0.652244,1,5.52038
Local,20,Easy,46,1,0.454441,1,5.52038
Local,20,Easy,47,4,0.707545,1,5.51411
Local,20,Easy,48,1,0.559789,1,5.51724
Local,20,Easy,49,1,0.385312,1,5.52038
Local,20,Easy,50,1,0.479976,1,5.52038
Hierarchy,20,Easy,0,0,0,1,5.69279
Hierarchy,20,Easy,1,1,0.960171,1,5.54232
Hierarchy,20,Easy,2,2,1.07684,1,5.59561
Hierarchy,20,Easy,3,1,0.969384,1,5.62382
Hierarchy,20,Easy,4,1,0.977246,1,5.59875
Hierarchy,20,Easy,5,1,0.767476,1,5.59875
Hierarchy,20,Easy,6,1,0.696009,1,5.59875
Hierarchy,20,Easy,7,1,0.46916,1,5.59875
Hierarchy,20,Easy,8,1,0.730666,1,5.62696
Hierarchy,20,Easy,9,1,0.506726,1,5.61755
Hierarchy,20,Easy,10,1,0.407512,1,5.61442
Hierarchy,20,Easy,11,1,0.673047,1,5.60188
Hierarchy,20,Easy,12,6,0.608804,1,5.57994
Hierarchy,20,Easy,13,1,0.591847,1,5.57994
Hierarchy,20,Easy,14,2,0.653191,1,5.58307
Hierarchy,20,Easy,15,1,0.551422,1,5.58307
Hierarchy,20,Easy,16,1,0.398347,1,5.58621
Hierarchy,20,Easy,17,1,0.747251,1,5.57994
Hierarchy,20,Easy,18,1,0.361964,1,5.57994
Hierarchy,20,Easy,19,1,0.731821,1,5.5674
Hierarchy,20,Easy,20,1,0.632757,1,5.56426
Hierarchy,20,Easy,21,1,0.654355,1,5.5674
Hierarchy,20,Easy,22,1,0.567148,1,5.57053
Hierarchy,20,Easy,23,1,0.577843,1,5.5768
Hierarchy,20,Easy,24,3,0.758089,1,5.5674
Hierarchy,20,Easy,25,1,0.49238,1,5.56426
Hierarchy,20,Easy,26,1,0.347618,1,5.56426
Hierarchy,20,Easy,27,1,0.380937,1,5.56113
Hierarchy,20,Easy,28,1,0.404816,1,5.56113
Hierarchy,20,Easy,29,1,0.545151,1,5.56426
Hierarchy,20,Easy,30,1,0.673833,1,5.56113
Hierarchy,20,Easy,31,1,0.514794,1,5.55486
Hierarchy,20,Easy,32,1,0.494612,1,5.55172
Hierarchy,20,Easy,33,1,0.537323,1,5.54545
Hierarchy,20,Easy,34,1,0.406963,1,5.54232
Hierarchy,20,Easy,35,1,0.701774,1,5.54232
Hierarchy,20,Easy,36,1,0.546284,1,5.54232
Hierarchy,20,Easy,37,1,0.522476,1,5.54232
Hierarchy,20,Easy,38,1,0.375783,1,5.53605
Hierarchy,20,Easy,39,2,0.484683,1,5.53292
Hierarchy,20,Easy,40,1,0.709642,1,5.52038
Hierarchy,20,Easy,41,1,0.547751,1,5.52665
Hierarchy,20,Easy,42,1,0.494355,1,5.52038
Hierarchy,20,Easy,43,1,0.650237,1,5.51411
Hierarchy,20,Easy,44,1,0.673258,1,5.52038
Hierarchy,20,Easy,45,1,0.539528,1,5.52038
Hierarchy,20,Easy,46,1,0.515272,1,5.52038
Hierarchy,20,Easy,47,4,0.548872,1,5.52038
Hierarchy,20,Easy,48,1,0.685377,1,5.51724
Hierarchy,20,Easy,49,1,0.498634,1,5.52038
Hierarchy,20,Easy,50,1,0.547439,1,5.52038
A* Static,20,Medium,0,0,0,1,5.63669
A* Static,20,Medium,1,1,0,0.996403,5.62094
A* Static,20,Medium,2,2,0,0.978417,5.63971
A* Static,20,Medium,3,1,0,0.97482,5.63469
A* Static,20,Medium,4,1,0,0.971223,5.63333
A* Static,20,Medium,5,1,0,0.967626,5.62825
A* Static,20,Medium,6,1,0,0.964029,5.63433
A* Static,20,Medium,7,1,0,0.94964,5.58333
A* Static,20,Medium,8,1,0,0.942446,5.5458
A* Static,20,Medium,9,1,0,0.938849,5.5364
A* Static,20,Medium,10,1,0,0.910072,5.42292
A* Static,20,Medium,11,1,0,0.899281,5.372
A* Static,20,Medium,12,6,0,0.78777,5.04566
A* Static,20,Medium,13,1,0,0.78777,5.04566
A* Static,20,Medium,14,2,0,0.776978,5.06481
A* Static,20,Medium,15,1,0,0.773381,5.05581
A* Static,20,Medium,16,1,0,0.766187,5.02347
A* Static,20,Medium,17,1,0,0.766187,5.02347
A* Static,20,Medium,18,1,0,0.766187,5.02347
A* Static,20,Medium,19,1,0,0.741007,4.91262
A* Static,20,Medium,20,1,0,0.73741,4.91707
A* Static,20,Medium,21,1,0,0.733813,4.93627
A* Static,20,Medium,22,1,0,0.730216,4.94581
A* Static,20,Medium,23,1,0,0.723022,4.9204
A* Static,20,Medium,24,3,0,0.708633,4.83249
A* Static,20,Medium,25,1,0,0.705036,4.85204
A* Static,20,Medium,26,1,0,0.697842,4.80928
A* Static,20,Medium,27,1,0,0.694245,4.81865
A* Static,20,Medium,28,1,0,0.694245,4.81865
A* Static,20,Medium,29,1,0,0.672662,4.75401
A* Static,20,Medium,30,1,0,0.665468,4.73514
A* Static,20,Medium,31,1,0,0.665468,4.73514
A* Static,20,Medium,32,1,0,0.651079,4.70166
A* Static,20,Medium,33,1,0,0.651079,4.70166
A* Static,20,Medium,34,1,0,0.643885,4.69274
A* Static,20,Medium,35,1,0,0.643885,4.69274
A* Static,20,Medium,36,1,0,0.643885,4.69274
A* Static,20,Medium,37,1,0,0.633094,4.6875
A* Static,20,Medium,38,1,0,0.604317,4.57143
A* Static,20,Medium,39,2,0,0.600719,4.57485
A* Static,20,Medium,40,1,0,0.593525,4.55152
A* Static,20,Medium,41,1,0,0.589928,4.55488
A* Static,20,Medium,42,1,0,0.589928,4.55488
A* Static,20,Medium,43,1,0,0.589928,4.55488
A* Static,20,Medium,44,1,0,0.586331,4.53374
A* Static,20,Medium,45,1,0,0.589928,4.53049
A* Static,20,Medium,46,1,0,0.593525,4.53939
A* Static,20,Medium,47,4,0,0.589928,4.43293
A* Static,20,Medium,48,1,0,0.589928,4.43293
A* Static,20,Medium,49,1,0,0.589928,4.43293
A* Static,20,Medium,50,1,0,0.589928,4.43293
A* Oracle,20,Medium,0,0,0,1,5.63669
A* Oracle,20,Medium,1,1,0.0300677,1,5.63669
A* Oracle,20,Medium,2,2,0.0299666,1,5.64029
A* Oracle,20,Medium,3,1,0.030213,1,5.6223
A* Oracle,20,Medium,4,1,0.0302146,1,5.58633
A* Oracle,20,Medium,5,1,0.0303027,1,5.58993
A* Oracle,20,Medium,6,1,0.0302753,1,5.57914
A* Oracle,20,Medium,7,1,0.0300579,1,5.57914
A* Oracle,20,Medium,8,1,0.0302298,1,5.58633
A* Oracle,20,Medium,9,1,0.0303165,1,5.57554
A* Oracle,20,Medium,10,1,0.0303269,1,5.58273
A* Oracle,20,Medium,11,1,0.0306209,1,5.58273
A* Oracle,20,Medium,12,6,0.0302099,0.996403,5.6065
A* Oracle,20,Medium,13,1,0.0301458,0.996403,5.60289
A* Oracle,20,Medium,14,2,0.0302094,0.996403,5.61011
A* Oracle,20,Medium,15,1,0.030281,0.996403,5.6065
A* Oracle,20,Medium,16,1,0.0299936,0.996403,5.61372
A* Oracle,20,Medium,17,1,0.0300936,0.996403,5.61011
A* Oracle,20,Medium,18,1,0.0298315,0.996403,5.59928
A* Oracle,20,Medium,19,1,0.0298784,0.996403,5.59567
A* Oracle,20,Medium,20,1,0.0299057,0.996403,5.59567
A* Oracle,20,Medium,21,1,0.0297753,0.996403,5.59567
A* Oracle,20,Medium,22,1,0.0299344,0.996403,5.59567
A* Oracle,20,Medium,23,1,0.0297308,0.996403,5.54874
A* Oracle,20,Medium,24,3,0.0294427,0.996403,5.53791
A* Oracle,20,Medium,25,1,0.0294473,0.996403,5.54513
A* Oracle,20,Medium,26,1,0.0296156,0.996403,5.55596
A* Oracle,20,Medium,27,1,0.0295942,0.996403,5.54874
A* Oracle,20,Medium,28,1,0.0295913,0.996403,5.54513
A* Oracle,20,Medium,29,1,0.0297695,0.996403,5.54513
A* Oracle,20,Medium,30,1,0.0294749,0.996403,5.54874
A* Oracle,20,Medium,31,1,0.0294688,0.996403,5.54152
A* Oracle,20,Medium,32,1,0.0297756,0.996403,5.54513
A* Oracle,20,Medium,33,1,0.0295679,0.996403,5.49097
A* Oracle,20,Medium,34,1,0.0295663,0.996403,5.47292
A* Oracle,20,Medium,35,1,0.0292088,0.97482,5.4428
A* Oracle,20,Medium,36,1,0.0293422,0.97482,5.43911
A* Oracle,20,Medium,37,1,0.0291015,0.97482,5.43542
A* Oracle,20,Medium,38,1,0.0291259,0.97482,5.43173
A* Oracle,20,Medium,39,2,0.0293554,0.996403,5.46209
A* Oracle,20,Medium,40,1,0.029291,0.992806,5.45652
A* Oracle,20,Medium,41,1,0.029473,0.992806,5.4529
A* Oracle,20,Medium,42,1,0.0297368,0.996403,5.45848
A* Oracle,20,Medium,43,1,0.0298501,0.996403,5.45848
A* Oracle,20,Medium,44,1,0.031001,0.996403,5.45126
A* Oracle,20,Medium,45,1,0.0295308,0.996403,5.45487
A* Oracle,20,Medium,46,1,0.0293955,0.996403,5.45126
A* Oracle,20,Medium,47,4,0.0297349,1,5.46763
A* Oracle,20,Medium,48,1,0.0297215,1,5.46403
A* Oracle,20,Medium,49,1,0.0297248,1,5.46403
A* Oracle,20,Medium,50,1,0.0296934,1,5.46403
Local,20,Medium,0,0,0,1,5.85252
Local,20,Medium,1,1,1.05768,1,5.65468
Local,20,Medium,2,2,0.773661,1,5.63669
Local,20,Medium,3,1,0.661725,1,5.61871
Local,20,Medium,4,1,0.919277,1,5.61151
Local,20,Medium,5,1,0.655373,1,5.58633
Local,20,Medium,6,1,0.715312,1,5.57554
Local,20,Medium,7,1,0.632705,1,5.57554
Local,20,Medium,8,1,0.747496,1,5.58273
Local,20,Medium,9,1,0.485457,1,5.57194
Local,20,Medium,10,1,0.476494,1,5.57914
Local,20,Medium,11,1,0.354689,1,5.57914
Local,20,Medium,12,6,0.906817,0.996403,5.6065
Local,20,Medium,13,1,0.558039,0.996403,5.59928
Local,20,Medium,14,2,0.624505,0.996403,5.6065
Local,20,Medium,15,1,0.530352,0.996403,5.6065
Local,20,Medium,16,1,0.514803,0.996403,5.61372
Local,20,Medium,17,1,0.516314,0.996403,5.61011
Local,20,Medium,18,1,0.614599,0.996403,5.61011
Local,20,Medium,19,1,0.625685,0.996403,5.59928
Local,20,Medium,20,1,0.573602,0.996403,5.59567
Local,20,Medium,21,1,0.404846,0.996403,5.59567
Local,20,Medium,22,1,0.508993,0.996403,5.59567
Local,20,Medium,23,1,0.711717,0.996403,5.54874
Local,20,Medium,24,3,0.795871,0.996403,5.53069
Local,20,Medium,25,1,0.633849,0.996403,5.53791
Local,20,Medium,26,1,0.496166,0.996403,5.54874
Local,20,Medium,27,1,0.727189,0.996403,5.54874
Local,20,Medium,28,1,0.698082,0.996403,5.54152
Local,20,Medium,29,1,0.772117,0.996403,5.53791
Local,20,Medium,30,1,0.783114,0.996403,5.54152
Local,20,Medium,31,1,0.653542,0.996403,5.5343
Local,20,Medium,32,1,0.631101,0.996403,5.53791
Local,20,Medium,33,1,0.68623,0.996403,5.48375
Local,20,Medium,34,1,0.748748,0.996403,5.4657
Local,20,Medium,35,1,0.792972,0.97482,5.43542
Local,20,Medium,36,1,0.669,0.97482,5.43542
Local,20,Medium,37,1,0.724101,0.97482,5.42804
Local,20,Medium,38,1,0.534231,0.97482,5.42435
Local,20,Medium,39,2,0.681288,0.996403,5.45848
Local,20,Medium,40,1,0.703475,0.992806,5.44928
Local,20,Medium,41,1,0.452982,0.992806,5.4529
Local,20,Medium,42,1,0.658332,0.996403,5.45126
Local,20,Medium,43,1,0.575314,0.996403,5.45126
Local,20,Medium,44,1,0.567365,0.996403,5.44765
Local,20,Medium,45,1,0.497996,0.996403,5.44765
Local,20,Medium,46,1,0.719882,0.996403,5.44404
Local,20,Medium,47,4,0.617865,1,5.46043
Local,20,Medium,48,1,0.725609,1,5.45683
Local,20,Medium,49,1,0.544205,1,5.45683
Local,20,Medium,50,1,0.316516,1,5.45683
Hierarchy,20,Medium,0,0,0,1,5.73022
Hierarchy,20,Medium,1,1,1.00892,1,5.63669
Hierarchy,20,Medium,2,2,0.911459,1,5.63669
Hierarchy,20,Medium,3,1,0.613667,1,5.61871
Hierarchy,20,Medium,4,1,0.951129,1,5.58993
Hierarchy,20,Medium,5,1,0.6012,1,5.59353
Hierarchy,20,Medium,6,1,0.511954,1,5.57554
Hierarchy,20,Medium,7,1,0.419634,1,5.57554
Hierarchy,20,Medium,8,1,0.576086,1,5.58273
Hierarchy,20,Medium,9,1,0.548248,1,5.57194
Hierarchy,20,Medium,10,1,0.418128,1,5.57914
Hierarchy,20,Medium,11,1,0.618287,1,5.57914
Hierarchy,20,Medium,12,6,0.825376,0.996403,5.60289
Hierarchy,20,Medium,13,1,0.66902,0.996403,5.59928
Hierarchy,20,Medium,14,2,0.857617,0.996403,5.6065
Hierarchy,20,Medium,15,1,0.451192,0.996403,5.6065
Hierarchy,20,Medium,16,1,0.512914,0.996403,5.61372
Hierarchy,20,Medium,17,1,0.497079,0.996403,5.61011
Hierarchy,20,Medium,18,1,0.644095,0.996403,5.60289
Hierarchy,20,Medium,19,1,0.819146,0.996403,5.59567
Hierarchy,20,Medium,20,1,0.724149,0.996403,5.59567
Hierarchy,20,Medium,21,1,0.497736,0.996403,5.59567
Hierarchy,20,Medium,22,1,0.540814,0.996403,5.59567
Hierarchy,20,Medium,23,1,0.718827,0.996403,5.54874
Hierarchy,20,Medium,24,3,0.546125,0.996403,5.53069
Hierarchy,20,Medium,25,1,0.412952,0.996403,5.53791
Hierarchy,20,Medium,26,1,0.669794,0.996403,5.54874
Hierarchy,20,Medium,27,1,0.576292,0.996403,5.54513
Hierarchy,20,Medium,28,1,0.64703,0.996403,5.53791
Hierarchy,20,Medium,29,1,0.635175,0.996403,5.53791
Hierarchy,20,Medium,30,1,0.535338,0.996403,5.54152
Hierarchy,20,Medium,31,1,0.714541,0.996403,5.5343
Hierarchy,20,Medium,32,1,0.414391,0.996403,5.53791
Hierarchy,20,Medium,33,1,0.680842,0.996403,5.48375
Hierarchy,20,Medium,34,1,0.640583,0.996403,5.4657
Hierarchy,20,Medium,35,1,0.621445,0.97482,5.43542
Hierarchy,20,Medium,36,1,0.666635,0.97482,5.43542
Hierarchy,20,Medium,37,1,0.853168,0.97482,5.42804
Hierarchy,20,Medium,38,1,0.572142,0.97482,5.42435
Hierarchy,20,Medium,39,2,0.577935,0.996403,5.46209
Hierarchy,20,Medium,40,1,0.627337,0.992806,5.44928
Hierarchy,20,Medium,41,1,0.553499,0.992806,5.4529
Hierarchy,20,Medium,42,1,0.713251,0.996403,5.45126
Hierarchy,20,Medium,43,1,0.38123,0.996403,5.45126
Hierarchy,20,Medium,44,1,0.575071,0.996403,5.44765
Hierarchy,20,Medium,45,1,0.552178,0.996403,5.44765
Hierarchy,20,Medium,46,1,0.653359,0.996403,5.44404
Hierarchy,20,Medium,47,4,0.723925,1,5.46043
Hierarchy,20,Medium,48,1,0.616989,1,5.45683
Hierarchy,20,Medium,49,1,0.541937,1,5.45683
Hierarchy,20,Medium,50,1,0.613847,1,5.45683
A* Static,20,Hard,0,0,0,0.941176,6.85096
A* Static,20,Hard,1,1,0,0.927602,6.83902
A* Static,20,Hard,2,1,0,0.923077,6.83824
A* Static,20,Hard,3,1,0,0.923077,6.83824
A* Static,20,Hard,4,1,0,0.900452,6.81407
A* Static,20,Hard,5,1,0,0.891403,6.80711
A* Static,20,Hard,6,1,0,0.819005,6.8453
A* Static,20,Hard,7,2,0,0.782805,6.67052
A* Static,20,Hard,8,1,0,0.778281,6.63953
A* Static,20,Hard,9,1,0,0.737557,6.55828
A* Static,20,Hard,10,1,0,0.656109,6.38621
A* Static,20,Hard,11,1,0,0.656109,6.38621
A* Static,20,Hard,12,1,0,0.651584,6.40972
A* Static,20,Hard,13,1,0,0.651584,6.40972
A* Static,20,Hard,14,1,0,0.728507,6.5528
A* Static,20,Hard,15,1,0,0.683258,6.54305
A* Static,20,Hard,16,1,0,0.660633,6.5274
A* Static,20,Hard,17,1,0,0.642534,6.30282
A* Static,20,Hard,18,1,0,0.628959,6.22302
A* Static,20,Hard,19,1,0,0.624434,6.23188
A* Static,20,Hard,20,1,0,0.624434,6.23188
A* Static,20,Hard,21,1,0,0.615385,6.28676
A* Static,20,Hard,22,1,0,0.615385,6.28676
A* Static,20,Hard,23,1,0,0.606335,6.23134
A* Static,20,Hard,24,2,0,0.60181,6.20301
A* Static,20,Hard,25,1,0,0.497738,6.13636
A* Static,20,Hard,26,1,0,0.479638,6.26415
A* Static,20,Hard,27,1,0,0.479638,6.26415
A* Static,20,Hard,28,1,0,0.429864,5.82105
A* Static,20,Hard,29,1,0,0.384615,5.56471
A* Static,20,Hard,30,1,0,0.38009,5.58333
A* Static,20,Hard,31,1,0,0.38009,5.58333
A* Static,20,Hard,32,1,0,0.402715,5.85393
A* Static,20,Hard,33,1,0,0.38914,5.86047
A* Static,20,Hard,34,1,0,0.38914,5.86047
A* Static,20,Hard,35,1,0,0.38914,5.86047
A* Static,20,Hard,36,1,0,0.384615,5.87059
A* Static,20,Hard,37,1,0,0.384615,5.87059
A* Static,20,Hard,38,2,0,0.371041,5.90244
A* Static,20,Hard,39,1,0,0.366516,5.8642
A* Static,20,Hard,40,1,0,0.366516,5.8642
A* Static,20,Hard,41,1,0,0.366516,5.8642
A* Static,20,Hard,42,1,0,0.366516,5.8642
A* Static,20,Hard,43,1,0,0.371041,5.85366
A* Static,20,Hard,44,1,0,0.361991,5.8875
A* Static,20,Hard,45,1,0,0.361991,5.8875
A* Static,20,Hard,46,1,0,0.339367,6.01333
A* Static,20,Hard,47,1,0,0.334842,6.05405
A* Static,20,Hard,48,1,0,0.330317,6.0411
A* Static,20,Hard,49,1,0,0.330317,6.0411
A* Static,20,Hard,50,1,0,0.330317,6.0411
A* Oracle,20,Hard,0,0,0,0.941176,6.85096
A* Oracle,20,Hard,1,1,0.0182849,0.941176,6.86058
A* Oracle,20,Hard,2,1,0.018378,0.941176,6.86538
A* Oracle,20,Hard,3,1,0.0191106,0.954751,6.93365
A* Oracle,20,Hard,4,1,0.0187739,0.954751,6.80095
A* Oracle,20,Hard,5,1,0.0188385,0.954751,6.80095
A* Oracle,20,Hard,6,1,0.0187031,0.868778,6.8125
A* Oracle,20,Hard,7,2,0.0189014,0.855204,6.71429
A* Oracle,20,Hard,8,1,0.0196923,0.873303,6.8342
A* Oracle,20,Hard,9,1,0.0199961,0.873303,6.8342
A* Oracle,20,Hard,10,1,0.0199238,0.873303,6.84456
A* Oracle,20,Hard,11,1,0.019902,0.873303,6.84456
A* Oracle,20,Hard,12,1,0.0200764,0.873303,6.83938
A* Oracle,20,Hard,13,1,0.0199005,0.873303,6.83938
A* Oracle,20,Hard,14,1,0.0200077,0.873303,6.82902
A* Oracle,20,Hard,15,1,0.0197032,0.873303,6.82383
A* Oracle,20,Hard,16,1,0.0198182,0.873303,6.82902
A* Oracle,20,Hard,17,1,0.0197511,0.873303,6.85492
A* Oracle,20,Hard,18,1,0.0198116,0.873303,6.85492
A* Oracle,20,Hard,19,1,0.0200421,0.873303,6.85492
A* Oracle,20,Hard,20,1,0.0201334,0.873303,6.89119
A* Oracle,20,Hard,21,1,0.0198103,0.873303,6.8342
A* Oracle,20,Hard,22,1,0.0198996,0.873303,6.8342
A* Oracle,20,Hard,23,1,0.0198841,0.873303,6.79793
A* Oracle,20,Hard,24,2,0.0192644,0.859729,6.74211
A* Oracle,20,Hard,25,1,0.0195309,0.859729,6.95789
A* Oracle,20,Hard,26,1,0.0194211,0.859729,6.95789
A* Oracle,20,Hard,27,1,0.0190716,0.859729,6.95789
A* Oracle,20,Hard,28,1,0.0190724,0.859729,6.94211
A* Oracle,20,Hard,29,1,0.0192074,0.859729,6.94211
A* Oracle,20,Hard,30,1,0.0188826,0.859729,6.94737
A* Oracle,20,Hard,31,1,0.0189131,0.859729,6.91579
A* Oracle,20,Hard,32,1,0.0192652,0.873303,6.97927
A* Oracle,20,Hard,33,1,0.0194031,0.873303,6.99482
A* Oracle,20,Hard,34,1,0.0195909,0.873303,6.99482
A* Oracle,20,Hard,35,1,0.0195149,0.873303,7
A* Oracle,20,Hard,36,1,0.0194293,0.873303,6.98964
A* Oracle,20,Hard,37,1,0.0194441,0.873303,6.97927
A* Oracle,20,Hard,38,2,0.0192105,0.877828,6.81959
A* Oracle,20,Hard,39,1,0.0192795,0.877828,6.81959
A* Oracle,20,Hard,40,1,0.0195861,0.877828,6.81959
A* Oracle,20,Hard,41,1,0.0224281,1,8.57466
A* Oracle,20,Hard,42,1,0.0225713,1,8.57919
A* Oracle,20,Hard,43,1,0.0228493,1,8.58824
A* Oracle,20,Hard,44,1,0.022424,1,8.60181
A* Oracle,20,Hard,45,1,0.020382,0.914027,7.22772
A* Oracle,20,Hard,46,1,0.0205582,0.914027,7.25248
A* Oracle,20,Hard,47,1,0.0203317,0.914027,7.27723
A* Oracle,20,Hard,48,1,0.0203038,0.914027,7.27228
A* Oracle,20,Hard,49,1,0.0203584,0.914027,7.15842
A* Oracle,20,Hard,50,1,0.0205537,0.914027,7.16337
Local,20,Hard,0,0,0,0.941176,6.96154
Local,20,Hard,1,1,1.23592,0.941176,6.86538
Local,20,Hard,2,1,1.0894,0.941176,6.86058
Local,20,Hard,3,1,0.823956,0.954751,6.92891
Local,20,Hard,4,1,1.05927,0.954751,6.79621
Local,20,Hard,5,1,0.855981,0.954751,6.79621
Local,20,Hard,6,1,1.09049,0.868778,6.80729
Local,20,Hard,7,2,1.02238,0.855204,6.71429
Local,20,Hard,8,1,0.769027,0.873303,6.8342
Local,20,Hard,9,1,0.836402,0.873303,6.8342
Local,20,Hard,10,1,0.851512,0.873303,6.84456
Local,20,Hard,11,1,0.816673,0.873303,6.84456
Local,20,Hard,12,1,0.737236,0.873303,6.83938
Local,20,Hard,13,1,0.676433,0.868778,6.81771
Local,20,Hard,14,1,0.680293,0.873303,6.82902
Local,20,Hard,15,1,0.650538,0.873303,6.82383
Local,20,Hard,16,1,0.577724,0.873303,6.82902
Local,20,Hard,17,1,0.676957,0.873303,6.8342
Local,20,Hard,18,1,0.824277,0.873303,6.8342
Local,20,Hard,19,1,0.550083,0.873303,6.82902
Local,20,Hard,20,1,1.63296,0.873303,6.86528
Local,20,Hard,21,1,1.09686,0.873303,6.82383
Local,20,Hard,22,1,0.791268,0.873303,6.82383
Local,20,Hard,23,1,1.00809,0.873303,6.80311
Local,20,Hard,24,2,1.14707,0.859729,6.74737
Local,20,Hard,25,1,1.02087,0.859729,6.96316
Local,20,Hard,26,1,1.3064,0.859729,6.96316
Local,20,Hard,27,1,0.809912,0.859729,6.96316
Local,20,Hard,28,1,0.962774,0.859729,6.94737
Local,20,Hard,29,1,1.17607,0.859729,6.94737
Local,20,Hard,30,1,1.06962,0.859729,6.95263
Local,20,Hard,31,1,1.44331,0.859729,6.92105
Local,20,Hard,32,1,0.866029,0.873303,6.98446
Local,20,Hard,33,1,1.06828,0.873303,7
Local,20,Hard,34,1,0.732643,0.873303,7
Local,20,Hard,35,1,0.839979,0.859729,6.85789
Local,20,Hard,36,1,0.856101,0.859729,6.84737
Local,20,Hard,37,1,0.733716,0.859729,6.83684
Local,20,Hard,38,2,1.2758,0.864253,6.7644
Local,20,Hard,39,1,1.18167,0.864253,6.65445
Local,20,Hard,40,1,1.177,0.864253,6.65445
Local,20,Hard,41,1,0.854076,0.882353,6.83077
Local,20,Hard,42,1,0.611025,0.882353,6.8359
Local,20,Hard,43,1,0.620994,0.882353,6.84615
Local,20,Hard,44,1,1.18407,0.882353,6.86154
Local,20,Hard,45,1,1.55955,0.882353,6.86154
Local,20,Hard,46,1,1.53674,0.882353,6.88718
Local,20,Hard,47,1,0.923815,0.882353,6.91282
Local,20,Hard,48,1,1.12258,0.882353,6.90769
Local,20,Hard,49,1,1.16242,0.882353,7.03077
Local,20,Hard,50,1,1.28933,0.882353,6.8359
Hierarchy,20,Hard,0,0,0,0.941176,6.94712
Hierarchy,20,Hard,1,1,1.8034,0.941176,6.85577
Hierarchy,20,Hard,2,1,1.05711,0.941176,6.86058
Hierarchy,20,Hard,3,1,1.14828,0.954751,6.92891
Hierarchy,20,Hard,4,1,1.00898,0.954751,6.79621
Hierarchy,20,Hard,5,1,0.786804,0.954751,6.79621
Hierarchy,20,Hard,6,1,1.28525,0.868778,6.80729
Hierarchy,20,Hard,7,2,1.20429,0.855204,6.71429
Hierarchy,20,Hard,8,1,0.785259,0.873303,6.83938
Hierarchy,20,Hard,9,1,0.615191,0.873303,6.8342
Hierarchy,20,Hard,10,1,0.936777,0.873303,6.84456
Hierarchy,20,Hard,11,1,0.722411,0.873303,6.84456
Hierarchy,20,Hard,12,1,0.779613,0.873303,6.83938
Hierarchy,20,Hard,13,1,0.45014,0.868778,6.81771
Hierarchy,20,Hard,14,1,0.594677,0.873303,6.82902
Hierarchy,20,Hard,15,1,0.710158,0.873303,6.82383
Hierarchy,20,Hard,16,1,0.787874,0.873303,6.82902
Hierarchy,20,Hard,17,1,0.897482,0.873303,6.8342
Hierarchy,20,Hard,18,1,1.0556,0.873303,6.8342
Hierarchy,20,Hard,19,1,0.669182,0.873303,6.82902
Hierarchy,20,Hard,20,1,0.955969,0.873303,6.89119
Hierarchy,20,Hard,21,1,0.622873,0.873303,6.82383
Hierarchy,20,Hard,22,1,0.957452,0.873303,6.82383
Hierarchy,20,Hard,23,1,0.716237,0.873303,6.80311
Hierarchy,20,Hard,24,2,0.647684,0.859729,6.74737
Hierarchy,20,Hard,25,1,1.35104,0.859729,6.96316
Hierarchy,20,Hard,26,1,1.06162,0.859729,6.96316
Hierarchy,20,Hard,27,1,0.929212,0.859729,6.96316
Hierarchy,20,Hard,28,1,1.35145,0.859729,6.94737
Hierarchy,20,Hard,29,1,1.03124,0.859729,6.94737
Hierarchy,20,Hard,30,1,0.871564,0.859729,6.95263
Hierarchy,20,Hard,31,1,0.988276,0.859729,6.92105
Hierarchy,20,Hard,32,1,0.836607,0.873303,6.98446
Hierarchy,20,Hard,33,1,0.65431,0.873303,7
Hierarchy,20,Hard,34,1,0.65644,0.873303,7
Hierarchy,20,Hard,35,1,1.12962,0.859729,6.85789
Hierarchy,20,Hard,36,1,0.830843,0.859729,6.84737
Hierarchy,20,Hard,37,1,0.659588,0.859729,6.83684
Hierarchy,20,Hard,38,2,0.883182,0.864253,6.7644
Hierarchy,20,Hard,39,1,1.58505,0.864253,6.65969
Hierarchy,20,Hard,40,1,0.85032,0.864253,6.65445
Hierarchy,20,Hard,41,1,0.949283,0.882353,6.83077
Hierarchy,20,Hard,42,1,1.01625,0.882353,6.8359
Hierarchy,20,Hard,43,1,0.714682,0.882353,6.84615
Hierarchy,20,Hard,44,1,1.13531,0.882353,6.86154
Hierarchy,20,Hard,45,1,1.42952,0.882353,6.86154
Hierarchy,20,Hard,46,1,1.01826,0.882353,6.88718
Hierarchy,20,Hard,47,1,1.28467,0.882353,6.91282
Hierarchy,20,Hard,48,1,0.824002,0.882353,6.90769
Hierarchy,20,Hard,49,1,1.39944,0.882353,6.83077
Hierarchy,20,Hard,50,1,0.808262,0.882353,6.81538
A* Static,50,Easy,0,0,0,1,5.02514
A* Static,50,Easy,1,1,0,0.998029,5.02765
A* Static,50,Easy,2,1,0,0.992607,5.02085
A* Static,50,Easy,3,1,0,0.991129,5.00895
A* Static,50,Easy,4,1,0,0.978314,4.96272
A* Static,50,Easy,5,1,0,0.976836,4.96165
A* Static,50,Easy,6,1,0,0.974372,4.95802
A* Static,50,Easy,7,1,0,0.973879,4.95547
A* Static,50,Easy,8,1,0,0.973386,4.95342
A* Static,50,Easy,9,1,0,0.971414,4.95485
A* Static,50,Easy,10,1,0,0.965993,4.93929
A* Static,50,Easy,11,1,0,0.95515,4.94582
A* Static,50,Easy,12,2,0,0.952193,4.94048
A* Static,50,Easy,13,2,0,0.9517,4.93941
A* Static,50,Easy,14,1,0,0.942336,4.93096
A* Static,50,Easy,15,3,0,0.944308,4.92797
A* Static,50,Easy,16,1,0,0.942829,4.92054
A* Static,50,Easy,17,1,0,0.942336,4.91841
A* Static,50,Easy,18,1,0,0.939872,4.91872
A* Static,50,Easy,19,1,0,0.935929,4.9247
A* Static,50,Easy,20,1,0,0.933958,4.92401
A* Static,50,Easy,21,1,0,0.933465,4.92186
A* Static,50,Easy,22,1,0,0.930015,4.91839
A* Static,50,Easy,23,1,0,0.930015,4.91839
A* Static,50,Easy,24,1,0,0.928043,4.91928
A* Static,50,Easy,25,1,0,0.924593,4.91098
A* Static,50,Easy,26,1,0,0.923115,4.9023
A* Static,50,Easy,27,1,0,0.921636,4.90107
A* Static,50,Easy,28,1,0,0.920158,4.90466
A* Static,50,Easy,29,1,0,0.918679,4.90612
A* Static,50,Easy,30,1,0,0.918186,4.90446
A* Static,50,Easy,31,1,0,0.917201,4.90489
A* Static,50,Easy,32,1,0,0.912765,4.90983
A* Static,50,Easy,33,1,0,0.912272,4.91194
A* Static,50,Easy,34,1,0,0.911286,4.91022
A* Static,50,Easy,35,1,0,0.910793,4.90693
A* Static,50,Easy,36,1,0,0.910301,4.9085
A* Static,50,Easy,37,1,0,0.909808,4.90899
A* Static,50,Easy,38,1,0,0.906358,4.89668
A* Static,50,Easy,39,1,0,0.905865,4.89499
A* Static,50,Easy,40,1,0,0.905372,4.89439
A* Static,50,Easy,41,2,0,0.901922,4.88361
A* Static,50,Easy,42,4,0,0.895515,4.87617
A* Static,50,Easy,43,1,0,0.882208,4.82011
A* Static,50,Easy,44,1,0,0.882208,4.82011
A* Static,50,Easy,45,1,0,0.880729,4.81477
A* Static,50,Easy,46,1,0,0.877772,4.81808
A* Static,50,Easy,47,1,0,0.870872,4.7957
A* Static,50,Easy,48,1,0,0.867915,4.79898
A* Static,50,Easy,49,1,0,0.864465,4.80274
A* Static,50,Easy,50,1,0,0.864958,4.80342
A* Oracle,50,Easy,0,0,0,1,5.02514
A* Oracle,50,Easy,1,1,0.386845,1,5.02464
A* Oracle,50,Easy,2,1,0.384631,1,5.02661
A* Oracle,50,Easy,3,1,0.384609,1,5.02612
A* Oracle,50,Easy,4,1,0.38338,1,5.02021
A* Oracle,50,Easy,5,1,0.385732,1,5.0207
A* Oracle,50,Easy,6,1,0.383543,1,5.0207
A* Oracle,50,Easy,7,1,0.384741,1,5.01971
A* Oracle,50,Easy,8,1,0.38442,1,5.02021
A* Oracle,50,Easy,9,1,0.385897,1,5.02169
A* Oracle,50,Easy,10,1,0.384367,1,5.02169
A* Oracle,50,Easy,11,1,0.384512,1,5.02661
A* Oracle,50,Easy,12,2,0.384504,1,5.02661
A* Oracle,50,Easy,13,2,0.387615,1,5.02563
A* Oracle,50,Easy,14,1,0.386023,1,5.02711
A* Oracle,50,Easy,15,3,0.385079,1,5.02464
A* Oracle,50,Easy,16,1,0.386331,1,5.02415
A* Oracle,50,Easy,17,1,0.388057,1,5.02415
A* Oracle,50,Easy,18,1,0.385264,1,5.02514
A* Oracle,50,Easy,19,1,0.386965,1,5.02464
A* Oracle,50,Easy,20,1,0.38617,1,5.02366
A* Oracle,50,Easy,21,1,0.387291,1,5.02366
A* Oracle,50,Easy,22,1,0.385501,1,5.02464
A* Oracle,50,Easy,23,1,0.385325,1,5.02464
A* Oracle,50,Easy,24,1,0.386284,1,5.02514
A* Oracle,50,Easy,25,1,0.386504,1,5.02514
A* Oracle,50,Easy,26,1,0.385447,1,5.02563
A* Oracle,50,Easy,27,1,0.386391,1,5.02612
A* Oracle,50,Easy,28,1,0.385396,1,5.02661
A* Oracle,50,Easy,29,1,0.38709,1,5.02612
A* Oracle,50,Easy,30,1,0.385506,1,5.02563
A* Oracle,50,Easy,31,1,0.386233,1,5.02612
A* Oracle,50,Easy,32,1,0.386456,1,5.0276
A* Oracle,50,Easy,33,1,0.388566,1,5.02908
A* Oracle,50,Easy,34,1,0.387096,1,5.02957
A* Oracle,50,Easy,35,1,0.386501,1,5.02859
A* Oracle,50,Easy,36,1,0.385507,1,5.02908
A* Oracle,50,Easy,37,1,0.38771,1,5.02957
A* Oracle,50,Easy,38,1,0.386755,1,5.02957
A* Oracle,50,Easy,39,1,0.386709,1,5.02908
A* Oracle,50,Easy,40,1,0.386828,1,5.02908
A* Oracle,50,Easy,41,2,0.389341,1,5.02908
A* Oracle,50,Easy,42,4,0.384727,1,5.02908
A* Oracle,50,Easy,43,1,0.386132,1,5.02661
A* Oracle,50,Easy,44,1,0.38579,1,5.02661
A* Oracle,50,Easy,45,1,0.38704,1,5.0276
A* Oracle,50,Easy,46,1,0.385846,1,5.02809
A* Oracle,50,Easy,47,1,0.386032,1,5.03302
A* Oracle,50,Easy,48,1,0.386168,1,5.03154
A* Oracle,50,Easy,49,1,0.3874,1,5.03302
A* Oracle,50,Easy,50,1,0.386233,1,5.03351
Local,50,Easy,0,0,0,0.999507,5.54339
Local,50,Easy,1,1,0.871141,0.999507,5.5429
Local,50,Easy,2,1,0.791049,0.999507,5.54142
Local,50,Easy,3,1,4.6821,0.976343,5.4523
Local,50,Easy,4,1,4.74559,0.999507,5.59813
Local,50,Easy,5,1,2.36464,0.999507,5.61982
Local,50,Easy,6,1,3.94474,0.994086,5.72236
Local,50,Easy,7,1,1.22279,0.994086,5.72137
Local,50,Easy,8,1,1.21565,0.994086,5.7293
Local,50,Easy,9,1,1.31954,0.994086,5.73475
Local,50,Easy,10,1,0.74594,0.994086,5.72385
Local,50,Easy,11,1,0.369458,0.994086,5.74021
Local,50,Easy,12,2,1.92727,0.994086,5.73823
Local,50,Easy,13,2,2.59267,0.994086,5.72236
Local,50,Easy,14,1,1.15156,0.994086,5.71145
Local,50,Easy,15,3,6.66775,0.988664,5.75374
Local,50,Easy,16,1,1.25723,0.988664,5.75274
Local,50,Easy,17,1,0.899781,0.988664,5.76221
Local,50,Easy,18,1,0.748379,0.988664,5.76221
Local,50,Easy,19,1,0.714886,0.988664,5.76072
Local,50,Easy,20,1,0.549985,0.988664,5.76022
Local,50,Easy,21,1,0.884294,0.988664,5.75723
Local,50,Easy,22,1,1.35233,0.988664,5.75523
Local,50,Easy,23,1,1.15594,0.988664,5.74576
Local,50,Easy,24,1,1.25081,0.988664,5.74676
Local,50,Easy,25,1,3.82218,0.988664,5.73629
Local,50,Easy,26,1,3.85906,0.988664,5.73679
Local,50,Easy,27,1,0.806972,0.988664,5.73729
Local,50,Easy,28,1,0.845619,0.988664,5.73779
Local,50,Easy,29,1,0.701421,0.988664,5.73829
Local,50,Easy,30,1,3.82728,0.927058,5.60766
Local,50,Easy,31,1,0.78507,0.927058,5.60553
Local,50,Easy,32,1,1.06923,0.927058,5.60606
Local,50,Easy,33,1,0.475577,0.927058,5.60659
Local,50,Easy,34,1,0.888706,0.927058,5.60712
Local,50,Easy,35,1,3.88073,0.933958,5.7124
Local,50,Easy,36,1,1.08145,0.933958,5.71029
Local,50,Easy,37,1,0.359242,0.933958,5.71082
Local,50,Easy,38,1,1.21327,0.934943,5.71745
Local,50,Easy,39,1,4.07683,0.933465,5.66895
Local,50,Easy,40,1,3.79679,0.898472,5.44487
Local,50,Easy,41,2,1.9454,0.898472,5.45255
Local,50,Easy,42,4,8.56758,0.999507,5.63708
Local,50,Easy,43,1,4.63042,0.95515,5.32714
Local,50,Easy,44,1,0.78834,0.95515,5.32817
Local,50,Easy,45,1,3.82461,0.95515,5.40299
Local,50,Easy,46,1,0.703301,0.95515,5.3999
Local,50,Easy,47,1,3.87977,0.95515,5.31269
Local,50,Easy,48,1,1.07763,0.95515,5.30083
Local,50,Easy,49,1,0.71152,0.95515,5.30495
Local,50,Easy,50,1,0.802926,0.95515,5.30495
Hierarchy,50,Easy,0,0,0,1,5.35781
Hierarchy,50,Easy,1,1,2.38018,1,5.35338
Hierarchy,50,Easy,2,1,2.03559,1,5.35683
Hierarchy,50,Easy,3,1,6.65212,1,5.39034
Hierarchy,50,Easy,4,1,6.04266,1,5.3519
Hierarchy,50,Easy,5,1,3.87391,1,5.34795
Hierarchy,50,Easy,6,1,5.0622,1,5.37408
Hierarchy,50,Easy,7,1,2.63539,1,5.30261
Hierarchy,50,Easy,8,1,2.56301,1,5.37506
Hierarchy,50,Easy,9,1,3.17453,1,5.38245
Hierarchy,50,Easy,10,1,1.18474,1,5.37112
Hierarchy,50,Easy,11,1,1.53931,1,5.37703
Hierarchy,50,Easy,12,2,3.97833,1,5.35436
Hierarchy,50,Easy,13,2,4.79235,1,5.34943
Hierarchy,50,Easy,14,1,2.75113,1,5.3583
Hierarchy,50,Easy,15,3,9.80587,0.998029,5.3121
Hierarchy,50,Easy,16,1,2.46724,0.998029,5.3116
Hierarchy,50,Easy,17,1,2.1778,0.998029,5.41086
Hierarchy,50,Easy,18,1,1.74049,1,5.36077
Hierarchy,50,Easy,19,1,1.9658,1,5.36471
Hierarchy,50,Easy,20,1,1.67071,1,5.38886
Hierarchy,50,Easy,21,1,1.91566,1,5.39379
Hierarchy,50,Easy,22,1,2.53862,1,5.40266
Hierarchy,50,Easy,23,1,3.06417,1,5.39182
Hierarchy,50,Easy,24,1,2.43033,1,5.39773
Hierarchy,50,Easy,25,1,5.92699,1,5.41104
Hierarchy,50,Easy,26,1,5.89572,1,5.41548
Hierarchy,50,Easy,27,1,1.8646,1,5.4209
Hierarchy,50,Easy,28,1,2.52014,1,5.40907
Hierarchy,50,Easy,29,1,1.96705,1,5.3859
Hierarchy,50,Easy,30,1,6.05014,1,5.32134
Hierarchy,50,Easy,31,1,2.3976,1,5.3105
Hierarchy,50,Easy,32,1,2.27132,1,5.30606
Hierarchy,50,Easy,33,1,2.01633,1,5.3307
Hierarchy,50,Easy,34,1,1.58865,1,5.34155
Hierarchy,50,Easy,35,1,5.27403,1,5.34253
Hierarchy,50,Easy,36,1,2.41066,1,5.41449
Hierarchy,50,Easy,37,1,1.56641,1,5.38985
Hierarchy,50,Easy,38,1,2.8297,1,5.28142
Hierarchy,50,Easy,39,1,5.27996,1,5.25431
Hierarchy,50,Easy,40,1,5.20994,1,5.29719
Hierarchy,50,Easy,41,2,4.35977,1,5.29128
Hierarchy,50,Easy,42,4,12.1059,1,5.33613
Hierarchy,50,Easy,43,1,6.15249,1,5.38196
Hierarchy,50,Easy,44,1,1.91937,1,5.38393
Hierarchy,50,Easy,45,1,5.89312,1,5.35683
Hierarchy,50,Easy,46,1,2.05344,1,5.41449
Hierarchy,50,Easy,47,1,5.97371,1,5.40365
Hierarchy,50,Easy,48,1,2.62267,1,5.40808
Hierarchy,50,Easy,49,1,1.97704,1,5.3657
Hierarchy,50,Easy,50,1,2.39622,1,5.35535
A* Static,50,Medium,0,0,0,0.997744,5.09045
A* Static,50,Medium,1,1,0,0.99718,5.09219
A* Static,50,Medium,2,1,0,0.994924,5.08107
A* Static,50,Medium,3,1,0,0.985336,5.06411
A* Static,50,Medium,4,1,0,0.984772,5.06644
A* Static,50,Medium,5,1,0,0.984208,5.06648
A* Static,50,Medium,6,1,0,0.983644,5.06365
A* Static,50,Medium,7,1,0,0.98308,5.06368
A* Static,50,Medium,8,1,0,0.978003,5.07093
A* Static,50,Medium,9,1,0,0.972927,5.06783
A* Static,50,Medium,10,1,0,0.967287,5.06822
A* Static,50,Medium,11,1,0,0.967287,5.06822
A* Static,50,Medium,12,2,0,0.965595,5.06893
A* Static,50,Medium,13,2,0,0.965031,5.06897
A* Static,50,Medium,14,1,0,0.964467,5.06784
A* Static,50,Medium,15,3,0,0.958263,5.07416
A* Static,50,Medium,16,1,0,0.957699,5.07597
A* Static,50,Medium,17,1,0,0.957135,5.07366
A* Static,50,Medium,18,1,0,0.956571,5.0737
A* Static,50,Medium,19,1,0,0.954315,5.07329
A* Static,50,Medium,20,1,0,0.94529,5.05967
A* Static,50,Medium,21,1,0,0.944726,5.05552
A* Static,50,Medium,22,1,0,0.943598,5.04901
A* Static,50,Medium,23,1,0,0.93965,5.05282
A* Static,50,Medium,24,1,0,0.939086,5.05165
A* Static,50,Medium,25,1,0,0.93683,5.04275
A* Static,50,Medium,26,1,0,0.936266,5.04398
A* Static,50,Medium,27,1,0,0.935702,5.044
A* Static,50,Medium,28,1,0,0.934574,5.03862
A* Static,50,Medium,29,1,0,0.933446,5.03263
A* Static,50,Medium,30,1,0,0.932882,5.03023
A* Static,50,Medium,31,1,0,0.932882,5.03023
A* Static,50,Medium,32,1,0,0.930626,5.02606
A* Static,50,Medium,33,1,0,0.926678,5.01096
A* Static,50,Medium,34,1,0,0.91709,4.96002
A* Static,50,Medium,35,1,0,0.918218,4.9656
A* Static,50,Medium,36,1,0,0.914834,4.97041
A* Static,50,Medium,37,1,0,0.912578,4.96786
A* Static,50,Medium,38,1,0,0.910321,4.95601
A* Static,50,Medium,39,1,0,0.910321,4.95601
A* Static,50,Medium,40,1,0,0.908065,4.94845
A* Static,50,Medium,41,2,0,0.895657,4.95781
A* Static,50,Medium,42,4,0,0.888325,4.95048
A* Static,50,Medium,43,1,0,0.886069,4.94017
A* Static,50,Medium,44,1,0,0.885505,4.93822
A* Static,50,Medium,45,1,0,0.884377,4.93814
A* Static,50,Medium,46,1,0,0.882685,4.94249
A* Static,50,Medium,47,1,0,0.87084,4.92811
A* Static,50,Medium,48,1,0,0.870276,4.92806
A* Static,50,Medium,49,1,0,0.865764,4.9329
A* Static,50,Medium,50,1,0,0.864636,4.92955
A* Oracle,50,Medium,0,0,0,0.997744,5.09045
A* Oracle,50,Medium,1,1,0.265001,0.997744,5.08932
A* Oracle,50,Medium,2,1,0.27639,0.997744,5.08875
A* Oracle,50,Medium,3,1,0.265648,0.997744,5.0978
A* Oracle,50,Medium,4,1,0.26474,0.997744,5.09893
A* Oracle,50,Medium,5,1,0.265321,0.997744,5.09723
A* Oracle,50,Medium,6,1,0.265498,0.997744,5.0961
A* Oracle,50,Medium,7,1,0.276533,0.997744,5.0944
A* Oracle,50,Medium,8,1,0.265907,0.997744,5.09553
A* Oracle,50,Medium,9,1,0.265741,0.997744,5.09497
A* Oracle,50,Medium,10,1,0.265038,0.997744,5.09497
A* Oracle,50,Medium,11,1,0.265602,0.999436,5.10102
A* Oracle,50,Medium,12,2,0.265365,0.999436,5.10158
A* Oracle,50,Medium,13,2,0.278095,0.999436,5.09876
A* Oracle,50,Medium,14,1,0.265316,0.999436,5.09876
A* Oracle,50,Medium,15,3,0.265838,0.999436,5.09424
A* Oracle,50,Medium,16,1,0.265816,0.999436,5.09424
A* Oracle,50,Medium,17,1,0.265559,0.999436,5.09424
A* Oracle,50,Medium,18,1,0.265783,0.999436,5.09312
A* Oracle,50,Medium,19,1,0.275999,0.999436,5.09255
A* Oracle,50,Medium,20,1,0.26605,0.999436,5.09368
A* Oracle,50,Medium,21,1,0.266036,0.999436,5.09424
A* Oracle,50,Medium,22,1,0.265654,0.999436,5.09481
A* Oracle,50,Medium,23,1,0.266379,0.999436,5.09481
A* Oracle,50,Medium,24,1,0.279148,0.999436,5.09537
A* Oracle,50,Medium,25,1,0.266314,0.999436,5.0965
A* Oracle,50,Medium,26,1,0.266037,0.999436,5.09763
A* Oracle,50,Medium,27,1,0.267063,0.999436,5.09763
A* Oracle,50,Medium,28,1,0.266763,0.999436,5.09819
A* Oracle,50,Medium,29,1,0.266129,0.999436,5.0965
A* Oracle,50,Medium,30,1,0.278073,0.999436,5.09594
A* Oracle,50,Medium,31,1,0.266135,0.999436,5.09594
A* Oracle,50,Medium,32,1,0.266368,0.999436,5.09481
A* Oracle,50,Medium,33,1,0.265854,0.999436,5.09763
A* Oracle,50,Medium,34,1,0.265545,0.999436,5.09312
A* Oracle,50,Medium,35,1,0.265971,0.999436,5.09312
A* Oracle,50,Medium,36,1,0.278402,0.999436,5.09368
A* Oracle,50,Medium,37,1,0.265893,0.999436,5.09537
A* Oracle,50,Medium,38,1,0.264932,0.999436,5.09424
A* Oracle,50,Medium,39,1,0.266037,0.999436,5.09424
A* Oracle,50,Medium,40,1,0.266292,0.999436,5.09481
A* Oracle,50,Medium,41,2,0.277948,0.999436,5.09763
A* Oracle,50,Medium,42,4,0.266551,0.999436,5.10045
A* Oracle,50,Medium,43,1,0.266319,0.999436,5.10102
A* Oracle,50,Medium,44,1,0.266813,0.999436,5.10102
A* Oracle,50,Medium,45,1,0.266238,0.999436,5.10102
A* Oracle,50,Medium,46,1,0.266465,0.999436,5.10158
A* Oracle,50,Medium,47,1,0.266583,0.999436,5.10271
A* Oracle,50,Medium,48,1,0.265569,0.999436,5.10271
A* Oracle,50,Medium,49,1,0.266299,0.999436,5.10045
A* Oracle,50,Medium,50,1,0.266687,0.999436,5.10102
Local,50,Medium,0,0,0,0.992668,5.45455
Local,50,Medium,1,1,0.810209,0.992668,5.45852
Local,50,Medium,2,1,3.80808,0.992668,5.50568
Local,50,Medium,3,1,1.88723,0.992668,5.55966
Local,50,Medium,4,1,2.38666,0.992668,5.54034
Local,50,Medium,5,1,4.74195,0.937958,5.33073
Local,50,Medium,6,1,3.95217,0.876481,5.18147
Local,50,Medium,7,1,1.24011,0.876481,5.18082
Local,50,Medium,8,1,0.599985,0.877609,5.17545
Local,50,Medium,9,1,1.89671,0.877609,5.20823
Local,50,Medium,10,1,0.570909,0.877609,5.19537
Local,50,Medium,11,1,0.757927,0.878173,5.18754
Local,50,Medium,12,2,1.88439,0.878173,5.17919
Local,50,Medium,13,2,2.02543,0.875353,5.20425
Local,50,Medium,14,1,0.994295,0.877045,5.20836
Local,50,Medium,15,3,3.64845,0.877045,5.19807
Local,50,Medium,16,1,0.692355,0.877045,5.19743
Local,50,Medium,17,1,0.682742,0.878173,5.19974
Local,50,Medium,18,1,0.662054,0.878173,5.19653
Local,50,Medium,19,1,0.425601,0.878173,5.19653
Local,50,Medium,20,1,4.99707,0.869148,5.12265
Local,50,Medium,21,1,3.56226,0.874224,5.14258
Local,50,Medium,22,1,3.51145,0.87366,5.13234
Local,50,Medium,23,1,0.821454,0.87366,5.1317
Local,50,Medium,24,1,1.05639,0.87366,5.1317
Local,50,Medium,25,1,0.802969,0.87366,5.13041
Local,50,Medium,26,1,0.696518,0.874224,5.13355
Local,50,Medium,27,1,1.86621,0.874224,5.14258
Local,50,Medium,28,1,1.05295,0.869712,5.09857
Local,50,Medium,29,1,1.21396,0.869712,5.09728
Local,50,Medium,30,1,3.77943,0.86802,5.04613
Local,50,Medium,31,1,1.43656,0.868584,5.03896
Local,50,Medium,32,1,3.78751,0.829103,5.02381
Local,50,Medium,33,1,4.79274,0.830231,5.03193
Local,50,Medium,34,1,0.894982,0.830231,5.03601
Local,50,Medium,35,1,0.733478,0.830231,5.02853
Local,50,Medium,36,1,1.36235,0.830231,5.05299
Local,50,Medium,37,1,3.81151,0.854484,5.13927
Local,50,Medium,38,1,4.7756,0.860124,5.22492
Local,50,Medium,39,1,0.522296,0.860124,5.22492
Local,50,Medium,40,1,0.652133,0.860688,5.23001
Local,50,Medium,41,2,1.40247,0.860688,5.23591
Local,50,Medium,42,4,8.20819,0.866892,5.21666
Local,50,Medium,43,1,0.802082,0.866892,5.22251
Local,50,Medium,44,1,1.94452,0.866892,5.22446
Local,50,Medium,45,1,4.27299,0.821771,5.0453
Local,50,Medium,46,1,0.92127,0.821771,5.05285
Local,50,Medium,47,1,0.515025,0.821771,5.05697
Local,50,Medium,48,1,0.703229,0.821771,5.05422
Local,50,Medium,49,1,0.541956,0.821771,5.05148
Local,50,Medium,50,1,0.88719,0.821771,5.05148
Hierarchy,50,Medium,0,0,0,0.988156,5.39041
Hierarchy,50,Medium,1,1,2.15983,0.988156,5.36929
Hierarchy,50,Medium,2,1,5.96359,0.988156,5.36986
Hierarchy,50,Medium,3,1,3.15996,0.988156,5.39384
Hierarchy,50,Medium,4,1,3.48594,0.988156,5.39441
Hierarchy,50,Medium,5,1,5.96234,0.984772,5.3929
Hierarchy,50,Medium,6,1,5.79067,0.979695,5.35118
Hierarchy,50,Medium,7,1,2.86424,0.979695,5.34715
Hierarchy,50,Medium,8,1,2.73898,0.981951,5.36014
Hierarchy,50,Medium,9,1,3.83862,0.984772,5.37572
Hierarchy,50,Medium,10,1,2.59469,0.988156,5.38014
Hierarchy,50,Medium,11,1,2.82738,0.989848,5.36524
Hierarchy,50,Medium,12,2,3.05747,0.990412,5.41913
Hierarchy,50,Medium,13,2,3.81615,0.990412,5.39977
Hierarchy,50,Medium,14,1,2.8401,0.990412,5.37756
Hierarchy,50,Medium,15,3,6.2366,0.990412,5.36902
Hierarchy,50,Medium,16,1,2.02181,0.990412,5.36959
Hierarchy,50,Medium,17,1,2.78705,0.990412,5.36617
Hierarchy,50,Medium,18,1,1.83304,0.990412,5.3639
Hierarchy,50,Medium,19,1,1.82459,0.989284,5.35291
Hierarchy,50,Medium,20,1,7.29793,0.985336,5.3486
Hierarchy,50,Medium,21,1,5.9215,0.993796,5.49716
Hierarchy,50,Medium,22,1,4.64684,0.993796,5.51135
Hierarchy,50,Medium,23,1,2.38997,0.993796,5.51703
Hierarchy,50,Medium,24,1,2.08178,0.993796,5.49035
Hierarchy,50,Medium,25,1,1.77875,0.997744,5.50989
Hierarchy,50,Medium,26,1,2.22241,0.997744,5.51102
Hierarchy,50,Medium,27,1,3.91695,0.997744,5.49576
Hierarchy,50,Medium,28,1,2.42518,0.997744,5.4658
Hierarchy,50,Medium,29,1,2.60876,0.997744,5.46015
Hierarchy,50,Medium,30,1,5.96527,0.997744,5.46806
Hierarchy,50,Medium,31,1,2.93414,0.997744,5.48332
Hierarchy,50,Medium,32,1,5.07166,0.998872,5.50367
Hierarchy,50,Medium,33,1,7.11565,0.994924,5.50964
Hierarchy,50,Medium,34,1,2.15664,0.994924,5.51757
Hierarchy,50,Medium,35,1,2.53609,0.994924,5.51531
Hierarchy,50,Medium,36,1,3.2937,0.994924,5.52098
Hierarchy,50,Medium,37,1,5.14226,0.994924,5.52438
Hierarchy,50,Medium,38,1,6.31248,0.994924,5.50907
Hierarchy,50,Medium,39,1,1.75407,0.994924,5.49773
Hierarchy,50,Medium,40,1,2.82964,0.994924,5.4881
Hierarchy,50,Medium,41,2,2.96579,0.994924,5.4881
Hierarchy,50,Medium,42,4,11.0969,0.994924,5.47222
Hierarchy,50,Medium,43,1,1.95025,0.994924,5.47676
Hierarchy,50,Medium,44,1,2.14812,0.994924,5.48299
Hierarchy,50,Medium,45,1,5.83331,0.994924,5.43141
Hierarchy,50,Medium,46,1,2.63661,0.998872,5.46189
Hierarchy,50,Medium,47,1,2.36347,0.998872,5.46753
Hierarchy,50,Medium,48,1,2.01093,0.998872,5.51101
Hierarchy,50,Medium,49,1,1.80474,0.998872,5.51779
Hierarchy,50,Medium,50,1,2.38209,0.998872,5.51609
A* Static,50,Hard,0,0,0,0.998642,7.6601
A* Static,50,Hard,1,1,0,0.994569,7.67031
A* Static,50,Hard,2,1,0,0.993211,7.67738
A* Static,50,Hard,3,1,0,0.992532,7.68057
A* Static,50,Hard,4,1,0,0.98778,7.67285
A* Static,50,Hard,5,1,0,0.987101,7.67607
A* Static,50,Hard,6,1,0,0.983707,7.67633
A* Static,50,Hard,7,3,0,0.971487,7.63871
A* Static,50,Hard,8,1,0,0.970808,7.63497
A* Static,50,Hard,9,1,0,0.970129,7.63261
A* Static,50,Hard,10,1,0,0.96945,7.63095
A* Static,50,Hard,11,1,0,0.968771,7.62999
A* Static,50,Hard,12,1,0,0.967413,7.62456
A* Static,50,Hard,13,1,0,0.966735,7.62289
A* Static,50,Hard,14,2,0,0.924644,7.49266
A* Static,50,Hard,15,1,0,0.923965,7.48641
A* Static,50,Hard,16,1,0,0.91446,7.45434
A* Static,50,Hard,17,1,0,0.912424,7.45759
A* Static,50,Hard,18,1,0,0.911066,7.44709
A* Static,50,Hard,19,1,0,0.902919,7.42632
A* Static,50,Hard,20,1,0,0.90224,7.42739
A* Static,50,Hard,21,2,0,0.89613,7.40682
A* Static,50,Hard,22,1,0,0.89613,7.40682
A* Static,50,Hard,23,1,0,0.895451,7.40637
A* Static,50,Hard,24,1,0,0.888663,7.37357
A* Static,50,Hard,25,2,0,0.887984,7.37462
A* Static,50,Hard,26,1,0,0.886626,7.37443
A* Static,50,Hard,27,1,0,0.885947,7.37241
A* Static,50,Hard,28,1,0,0.885268,7.37347
A* Static,50,Hard,29,1,0,0.885268,7.37347
A* Static,50,Hard,30,1,0,0.884589,7.37606
A* Static,50,Hard,31,1,0,0.88391,7.37788
A* Static,50,Hard,32,1,0,0.883232,7.37894
A* Static,50,Hard,33,1,0,0.879158,7.35985
A* Static,50,Hard,34,2,0,0.877122,7.35372
A* Static,50,Hard,35,1,0,0.875764,7.34264
A* Static,50,Hard,36,1,0,0.869654,7.34738
A* Static,50,Hard,37,1,0,0.869654,7.34738
A* Static,50,Hard,38,1,0,0.867617,7.3349
A* Static,50,Hard,39,1,0,0.858792,7.30356
A* Static,50,Hard,40,3,0,0.857434,7.29533
A* Static,50,Hard,41,1,0,0.856076,7.28707
A* Static,50,Hard,42,1,0,0.847929,7.27542
A* Static,50,Hard,43,1,0,0.847251,7.27644
A* Static,50,Hard,44,2,0,0.844535,7.27331
A* Static,50,Hard,45,1,0,0.840462,7.27464
A* Static,50,Hard,46,1,0,0.841141,7.27845
A* Static,50,Hard,47,1,0,0.840462,7.27868
A* Static,50,Hard,48,1,0,0.838425,7.27287
A* Static,50,Hard,49,1,0,0.835031,7.27561
A* Static,50,Hard,50,1,0,0.832994,7.28117
A* Oracle,50,Hard,0,0,0,0.998642,7.6601
A* Oracle,50,Hard,1,1,0.274792,0.998642,7.66485
A* Oracle,50,Hard,2,1,0.273892,0.998642,7.66485
A* Oracle,50,Hard,3,1,0.274465,0.998642,7.66485
A* Oracle,50,Hard,4,1,0.274916,0.998642,7.66553
A* Oracle,50,Hard,5,1,0.274492,0.998642,7.66485
A* Oracle,50,Hard,6,1,0.27458,0.998642,7.66485
A* Oracle,50,Hard,7,3,0.274236,0.997963,7.66667
A* Oracle,50,Hard,8,1,0.27478,0.997963,7.66735
A* Oracle,50,Hard,9,1,0.276867,0.997963,7.66054
A* Oracle,50,Hard,10,1,0.277038,0.997963,7.65714
A* Oracle,50,Hard,11,1,0.276293,0.997963,7.6585
A* Oracle,50,Hard,12,1,0.27733,0.997963,7.65918
A* Oracle,50,Hard,13,1,0.2777,0.997963,7.65918
A* Oracle,50,Hard,14,2,0.277322,0.997963,7.64082
A* Oracle,50,Hard,15,1,0.276996,0.997963,7.63946
A* Oracle,50,Hard,16,1,0.27677,0.997963,7.6381
A* Oracle,50,Hard,17,1,0.277043,0.997963,7.64218
A* Oracle,50,Hard,18,1,0.276682,0.997963,7.64354
A* Oracle,50,Hard,19,1,0.276813,0.997963,7.64354
A* Oracle,50,Hard,20,1,0.276798,0.997963,7.64286
A* Oracle,50,Hard,21,2,0.276313,0.997963,7.63469
A* Oracle,50,Hard,22,1,0.276706,0.997963,7.63469
A* Oracle,50,Hard,23,1,0.275832,0.997963,7.63469
A* Oracle,50,Hard,24,1,0.276279,0.997963,7.63401
A* Oracle,50,Hard,25,2,0.275488,0.997963,7.63605
A* Oracle,50,Hard,26,1,0.276255,0.997963,7.63673
A* Oracle,50,Hard,27,1,0.275952,0.997963,7.63741
A* Oracle,50,Hard,28,1,0.280328,0.997963,7.63673
A* Oracle,50,Hard,29,1,0.27649,0.997963,7.62993
A* Oracle,50,Hard,30,1,0.276722,0.997963,7.63129
A* Oracle,50,Hard,31,1,0.27688,0.997963,7.63197
A* Oracle,50,Hard,32,1,0.277123,0.997963,7.63197
A* Oracle,50,Hard,33,1,0.276742,0.997963,7.65374
A* Oracle,50,Hard,34,2,0.277083,0.997963,7.65034
A* Oracle,50,Hard,35,1,0.276945,0.997963,7.65034
A* Oracle,50,Hard,36,1,0.276707,0.997963,7.65102
A* Oracle,50,Hard,37,1,0.277481,0.998642,7.65398
A* Oracle,50,Hard,38,1,0.276739,0.998642,7.65806
A* Oracle,50,Hard,39,1,0.276365,0.998642,7.65602
A* Oracle,50,Hard,40,3,0.276913,0.998642,7.6567
A* Oracle,50,Hard,41,1,0.276436,0.998642,7.65602
A* Oracle,50,Hard,42,1,0.27709,0.998642,7.64446
A* Oracle,50,Hard,43,1,0.277575,0.998642,7.64242
A* Oracle,50,Hard,44,2,0.276574,0.998642,7.64446
A* Oracle,50,Hard,45,1,0.276698,0.998642,7.63902
A* Oracle,50,Hard,46,1,0.276504,0.998642,7.63902
A* Oracle,50,Hard,47,1,0.276011,0.998642,7.63834
A* Oracle,50,Hard,48,1,0.277763,0.998642,7.63698
A* Oracle,50,Hard,49,1,0.275896,0.998642,7.6329
A* Oracle,50,Hard,50,1,0.276103,0.997284,7.63581
Local,50,Hard,0,0,0,0.78072,7.73391
Local,50,Hard,1,1,0.644822,0.782077,7.73264
Local,50,Hard,2,1,2.25859,0.782077,7.73264
Local,50,Hard,3,1,2.36572,0.782077,7.69531
Local,50,Hard,4,1,0.66311,0.782077,7.68837
Local,50,Hard,5,1,0.787999,0.782077,7.69097
Local,50,Hard,6,1,2.09396,0.78683,7.75151
Local,50,Hard,7,3,6.45664,0.775289,7.81699
Local,50,Hard,8,1,2.61155,0.775289,7.80473
Local,50,Hard,9,1,3.81138,0.775289,7.80385
Local,50,Hard,10,1,2.79188,0.77461,7.81858
Local,50,Hard,11,1,4.29831,0.771215,7.77465
Local,50,Hard,12,1,5.95897,0.769857,7.78748
Local,50,Hard,13,1,1.4871,0.807196,8.35744
Local,50,Hard,14,2,1.26897,0.807196,8.25231
Local,50,Hard,15,1,3.86089,0.807196,8.25231
Local,50,Hard,16,1,3.21843,0.75628,7.83483
Local,50,Hard,17,1,1.27142,0.752885,7.82867
Local,50,Hard,18,1,4.30488,0.749491,7.84149
Local,50,Hard,19,1,2.48291,0.749491,7.87862
Local,50,Hard,20,1,3.20204,0.749491,7.8288
Local,50,Hard,21,2,4.82312,0.75017,7.75747
Local,50,Hard,22,1,2.36741,0.75017,7.77014
Local,50,Hard,23,1,2.39839,0.75017,7.77195
Local,50,Hard,24,1,2.36323,0.75017,7.74751
Local,50,Hard,25,2,4.77953,0.75017,7.82715
Local,50,Hard,26,1,0.685824,0.75017,7.8371
Local,50,Hard,27,1,3.8091,0.75017,7.8362
Local,50,Hard,28,1,2.7399,0.75017,7.7457
Local,50,Hard,29,1,2.38583,0.75017,7.74208
Local,50,Hard,30,1,0.971355,0.75017,7.74027
Local,50,Hard,31,1,2.6075,0.75017,7.73032
Local,50,Hard,32,1,2.77984,0.755601,7.823
Local,50,Hard,33,1,0.732673,0.754922,7.82104
Local,50,Hard,34,2,3.29893,0.754922,7.82104
Local,50,Hard,35,1,2.66844,0.754922,7.82104
Local,50,Hard,36,1,3.55785,0.748812,7.77788
Local,50,Hard,37,1,2.37673,0.749491,7.79891
Local,50,Hard,38,1,3.8164,0.778683,8.3871
Local,50,Hard,39,1,1.97377,0.778683,8.38884
Local,50,Hard,40,3,8.03524,0.779362,8.3946
Local,50,Hard,41,1,2.05025,0.720978,7.64218
Local,50,Hard,42,1,0.850025,0.720978,7.62618
Local,50,Hard,43,1,0.760683,0.720978,7.61394
Local,50,Hard,44,2,3.39738,0.71962,7.64151
Local,50,Hard,45,1,2.63186,0.725051,7.63951
Local,50,Hard,46,1,2.71505,0.725051,7.63951
Local,50,Hard,47,1,2.34393,0.725051,7.63951
Local,50,Hard,48,1,2.62304,0.725051,7.6367
Local,50,Hard,49,1,2.13925,0.725051,7.64232
Local,50,Hard,50,1,1.21295,0.723693,7.64728
Hierarchy,50,Hard,0,0,0,0.964698,8.24842
Hierarchy,50,Hard,1,1,1.76861,0.964698,8.24138
Hierarchy,50,Hard,2,1,4.93606,0.978276,8.2873
Hierarchy,50,Hard,3,1,3.81286,0.97556,8.26722
Hierarchy,50,Hard,4,1,1.47484,0.978276,8.28452
Hierarchy,50,Hard,5,1,3.64069,0.974202,8.25366
Hierarchy,50,Hard,6,1,4.51015,0.974881,8.29457
Hierarchy,50,Hard,7,3,11.3229,0.964019,8.30211
Hierarchy,50,Hard,8,1,5.55687,0.964019,8.34718
Hierarchy,50,Hard,9,1,7.52253,0.968092,8.44039
Hierarchy,50,Hard,10,1,5.7007,0.967413,8.40281
Hierarchy,50,Hard,11,1,6.832,0.953157,8.24359
Hierarchy,50,Hard,12,1,9.8955,0.946368,8.13271
Hierarchy,50,Hard,13,1,4.42072,0.946368,8.066
Hierarchy,50,Hard,14,2,1.91257,0.946368,8.04161
Hierarchy,50,Hard,15,1,6.58985,0.946368,8.03587
Hierarchy,50,Hard,16,1,5.04556,0.937542,7.99421
Hierarchy,50,Hard,17,1,2.25973,0.937542,7.99566
Hierarchy,50,Hard,18,1,8.17321,0.938221,8.00651
Hierarchy,50,Hard,19,1,3.50676,0.938221,8.00507
Hierarchy,50,Hard,20,1,4.61079,0.938221,8.00941
Hierarchy,50,Hard,21,2,9.30708,0.955193,8.09168
Hierarchy,50,Hard,22,1,3.23686,0.955193,8.08173
Hierarchy,50,Hard,23,1,3.61565,0.955193,8.08387
Hierarchy,50,Hard,24,1,4.13587,0.955193,8.08387
Hierarchy,50,Hard,25,2,8.79119,0.955193,8.11372
Hierarchy,50,Hard,26,1,1.77937,0.955193,8.11585
Hierarchy,50,Hard,27,1,7.45422,0.961982,8.05716
Hierarchy,50,Hard,28,1,5.56851,0.968092,8.13043
Hierarchy,50,Hard,29,1,4.09945,0.968092,8.12833
Hierarchy,50,Hard,30,1,3.28187,0.977597,8.17292
Hierarchy,50,Hard,31,1,5.38162,0.974881,8.13022
Hierarchy,50,Hard,32,1,5.57389,0.968092,8.12973
Hierarchy,50,Hard,33,1,3.27217,0.973523,8.14435
Hierarchy,50,Hard,34,2,6.66577,0.972845,8.07397
Hierarchy,50,Hard,35,1,5.63367,0.972845,8.11165
Hierarchy,50,Hard,36,1,6.25389,0.966735,8.15449
Hierarchy,50,Hard,37,1,4.06338,0.967413,8.15439
Hierarchy,50,Hard,38,1,7.43492,0.966735,8.1264
Hierarchy,50,Hard,39,1,5.33415,0.959946,8.19519
Hierarchy,50,Hard,40,3,13.8207,0.959267,8.1196
Hierarchy,50,Hard,41,1,5.01373,0.95112,8.09208
Hierarchy,50,Hard,42,1,3.65821,0.950441,8.08786
Hierarchy,50,Hard,43,1,1.72434,0.950441,8.08714
Hierarchy,50,Hard,44,2,6.39295,0.940937,8.04257
Hierarchy,50,Hard,45,1,5.35792,0.952478,8.11761
Hierarchy,50,Hard,46,1,3.4511,0.953836,8.1153
Hierarchy,50,Hard,47,1,3.64075,0.95112,8.09707
Hierarchy,50,Hard,48,1,5.39846,0.951799,8.09772
Hierarchy,50,Hard,49,1,6.1653,0.943652,8.03597
Hierarchy,50,Hard,50,1,2.3152,0.94501,8.06322
A* Static,100,Easy,0,0,0,0.999877,4.43758
A* Static,100,Easy,1,1,0,0.999755,4.43715
A* Static,100,Easy,2,1,0,0.999632,4.43634
A* Static,100,Easy,3,1,0,0.9973,4.43625
A* Static,100,Easy,4,2,0,0.994477,4.42873
A* Static,100,Easy,5,1,0,0.994232,4.42871
A* Static,100,Easy,6,1,0,0.994109,4.4284
A* Static,100,Easy,7,1,0,0.993864,4.42862
A* Static,100,Easy,8,1,0,0.993618,4.4291
A* Static,100,Easy,9,1,0,0.993004,4.42776
A* Static,100,Easy,10,1,0,0.992391,4.42592
A* Static,100,Easy,11,1,0,0.992268,4.4256
A* Static,100,Easy,12,2,0,0.991777,4.42495
A* Static,100,Easy,13,1,0,0.991041,4.42353
A* Static,100,Easy,14,1,0,0.988709,4.4136
A* Static,100,Easy,15,1,0,0.988095,4.41448
A* Static,100,Easy,16,1,0,0.98785,4.41409
A* Static,100,Easy,17,1,0,0.986745,4.41443
A* Static,100,Easy,18,1,0,0.985272,4.41592
A* Static,100,Easy,19,1,0,0.984904,4.41458
A* Static,100,Easy,20,2,0,0.9838,4.4113
A* Static,100,Easy,21,1,0,0.9838,4.4113
A* Static,100,Easy,22,1,0,0.983432,4.41008
A* Static,100,Easy,23,1,0,0.983063,4.41086
A* Static,100,Easy,24,1,0,0.979872,4.40994
A* Static,100,Easy,25,1,0,0.979627,4.41017
A* Static,100,Easy,26,1,0,0.979381,4.4099
A* Static,100,Easy,27,1,0,0.979259,4.40983
A* Static,100,Easy,28,1,0,0.979136,4.40975
A* Static,100,Easy,29,2,0,0.978768,4.40966
A* Static,100,Easy,30,3,0,0.978277,4.40848
A* Static,100,Easy,31,1,0,0.977909,4.40725
A* Static,100,Easy,32,1,0,0.977541,4.40565
A* Static,100,Easy,33,1,0,0.977295,4.40412
A* Static,100,Easy,34,1,0,0.976804,4.4047
A* Static,100,Easy,35,1,0,0.976068,4.40249
A* Static,100,Easy,36,1,0,0.975822,4.40247
A* Static,100,Easy,37,1,0,0.975454,4.40237
A* Static,100,Easy,38,1,0,0.975209,4.40159
A* Static,100,Easy,39,1,0,0.975086,4.40138
A* Static,100,Easy,40,1,0,0.974963,4.40131
A* Static,100,Easy,41,1,0,0.971895,4.39904
A* Static,100,Easy,42,1,0,0.971772,4.39922
A* Static,100,Easy,43,1,0,0.971036,4.39977
A* Static,100,Easy,44,1,0,0.970668,4.39992
A* Static,100,Easy,45,1,0,0.970545,4.4001
A* Static,100,Easy,46,3,0,0.970177,4.39937
A* Static,100,Easy,47,1,0,0.969931,4.3996
A* Static,100,Easy,48,1,0,0.968827,4.39574
A* Static,100,Easy,49,1,0,0.968581,4.39597
A* Static,100,Easy,50,3,0,0.961831,4.38676
A* Oracle,100,Easy,0,0,0,0.999877,4.43758
A* Oracle,100,Easy,1,1,1.30796,0.999877,4.43734
A* Oracle,100,Easy,2,1,1.29992,0.999877,4.43709
A* Oracle,100,Easy,3,1,1.30316,0.999877,4.43709
A* Oracle,100,Easy,4,2,1.30336,0.999877,4.43746
A* Oracle,100,Easy,5,1,1.30431,0.999877,4.43758
A* Oracle,100,Easy,6,1,1.30535,0.999877,4.43758
A* Oracle,100,Easy,7,1,1.3042,0.999877,4.43746
A* Oracle,100,Easy,8,1,1.30589,0.999877,4.43746
A* Oracle,100,Easy,9,1,1.30067,0.999877,4.43758
A* Oracle,100,Easy,10,1,1.30406,0.999877,4.43746
A* Oracle,100,Easy,11,1,1.30746,0.999877,4.43734
A* Oracle,100,Easy,12,2,1.30598,0.999877,4.43734
A* Oracle,100,Easy,13,1,1.30729,0.999877,4.43746
A* Oracle,100,Easy,14,1,1.30254,0.999877,4.43758
A* Oracle,100,Easy,15,1,1.30388,0.999877,4.43771
A* Oracle,100,Easy,16,1,1.30329,0.999877,4.43709
A* Oracle,100,Easy,17,1,1.30518,0.999877,4.43771
A* Oracle,100,Easy,18,1,1.30336,0.999877,4.43869
A* Oracle,100,Easy,19,1,1.30511,0.999877,4.43857
A* Oracle,100,Easy,20,2,1.30369,0.999877,4.43893
A* Oracle,100,Easy,21,1,1.31115,0.999877,4.43906
A* Oracle,100,Easy,22,1,1.30426,0.999877,4.43893
A* Oracle,100,Easy,23,1,1.30454,0.999877,4.43893
A* Oracle,100,Easy,24,1,1.30261,0.999877,4.43918
A* Oracle,100,Easy,25,1,1.30349,0.999877,4.43893
A* Oracle,100,Easy,26,1,1.30472,0.999877,4.43906
A* Oracle,100,Easy,27,1,1.30602,0.999877,4.43906
A* Oracle,100,Easy,28,1,1.30564,0.999877,4.43906
A* Oracle,100,Easy,29,2,1.30673,0.999877,4.43881
A* Oracle,100,Easy,30,3,1.30471,0.999877,4.43906
A* Oracle,100,Easy,31,1,1.306,0.999877,4.43918
A* Oracle,100,Easy,32,1,1.30679,0.999877,4.43943
A* Oracle,100,Easy,33,1,1.30717,0.999877,4.4393
A* Oracle,100,Easy,34,1,1.3057,0.999877,4.43992
A* Oracle,100,Easy,35,1,1.30575,0.999877,4.43967
A* Oracle,100,Easy,36,1,1.30619,0.999877,4.43955
A* Oracle,100,Easy,37,1,1.30396,0.999877,4.43967
A* Oracle,100,Easy,38,1,1.30936,0.999877,4.43955
A* Oracle,100,Easy,39,1,1.30629,0.999877,4.43943
A* Oracle,100,Easy,40,1,1.3044,0.999877,4.43955
A* Oracle,100,Easy,41,1,1.30814,0.999877,4.44249
A* Oracle,100,Easy,42,1,1.30577,0.999877,4.44249
A* Oracle,100,Easy,43,1,1.30563,0.999877,4.44237
A* Oracle,100,Easy,44,1,1.3045,0.999877,4.44249
A* Oracle,100,Easy,45,1,1.30776,0.999877,4.44249
A* Oracle,100,Easy,46,3,1.30504,0.999877,4.44249
A* Oracle,100,Easy,47,1,1.30545,0.999877,4.44262
A* Oracle,100,Easy,48,1,1.30646,0.999877,4.44274
A* Oracle,100,Easy,49,1,1.30763,0.999877,4.44274
A* Oracle,100,Easy,50,3,1.30482,0.999877,4.44397
Local,100,Easy,0,0,0,0.990673,4.96345
Local,100,Easy,1,1,1.47815,0.990673,4.9637
Local,100,Easy,2,1,1.45123,0.990673,4.96222
Local,100,Easy,3,1,0.684396,0.990673,4.96296
Local,100,Easy,4,2,5.55364,0.968581,4.85035
Local,100,Easy,5,1,0.916377,0.968581,4.84985
Local,100,Easy,6,1,1.43718,0.968581,4.85048
Local,100,Easy,7,1,0.842189,0.968581,4.85086
Local,100,Easy,8,1,1.89214,0.968581,4.85656
Local,100,Easy,9,1,0.556706,0.968581,4.85365
Local,100,Easy,10,1,4.59346,0.95864,4.79772
Local,100,Easy,11,1,1.42864,0.95864,4.79657
Local,100,Easy,12,2,1.50809,0.959377,4.8012
Local,100,Easy,13,1,0.680965,0.959377,4.79941
Local,100,Easy,14,1,1.48783,0.959377,4.79864
Local,100,Easy,15,1,0.643871,0.959377,4.79826
Local,100,Easy,16,1,3.85267,0.959377,4.88551
Local,100,Easy,17,1,0.987499,0.959377,4.88589
Local,100,Easy,18,1,0.715163,0.959377,4.88806
Local,100,Easy,19,1,1.42339,0.959377,4.8887
Local,100,Easy,20,2,1.93301,0.959377,4.87693
Local,100,Easy,21,1,4.58554,0.959622,4.88937
Local,100,Easy,22,1,0.604232,0.959622,4.884
Local,100,Easy,23,1,0.692303,0.959622,4.88694
Local,100,Easy,24,1,0.902144,0.959745,4.89629
Local,100,Easy,25,1,1.32842,0.959745,4.90256
Local,100,Easy,26,1,1.05147,0.959745,4.90269
Local,100,Easy,27,1,0.913949,0.959745,4.90358
Local,100,Easy,28,1,0.954705,0.959745,4.90256
Local,100,Easy,29,2,0.878255,0.959745,4.90192
Local,100,Easy,30,3,3.59174,0.959745,4.90256
Local,100,Easy,31,1,1.47873,0.959745,4.91074
Local,100,Easy,32,1,1.44357,0.959745,4.91036
Local,100,Easy,33,1,0.718105,0.959745,4.90997
Local,100,Easy,34,1,2.42132,0.959499,4.92991
Local,100,Easy,35,1,0.418963,0.959499,4.92991
Local,100,Easy,36,1,0.740955,0.959499,4.92965
Local,100,Easy,37,1,0.990706,0.959622,4.9271
Local,100,Easy,38,1,4.44983,0.952381,4.92229
Local,100,Easy,39,1,0.912494,0.952381,4.92281
Local,100,Easy,40,1,1.45559,0.952381,4.92835
Local,100,Easy,41,1,1.04889,0.952381,4.92938
Local,100,Easy,42,1,1.02945,0.952381,4.92848
Local,100,Easy,43,1,1.98714,0.952381,4.92423
Local,100,Easy,44,1,0.963127,0.952381,4.92448
Local,100,Easy,45,1,0.462021,0.952381,4.92371
Local,100,Easy,46,3,5.07384,0.952381,4.93041
Local,100,Easy,47,1,1.68493,0.952381,4.92887
Local,100,Easy,48,1,0.581174,0.952381,4.92784
Local,100,Easy,49,1,1.06098,0.952381,4.92899
Local,100,Easy,50,3,3.41116,0.952381,4.91843
Hierarchy,100,Easy,0,0,0,0.999877,4.82227
Hierarchy,100,Easy,1,1,2.99884,0.999877,4.81858
Hierarchy,100,Easy,2,1,2.73728,0.999877,4.81637
Hierarchy,100,Easy,3,1,1.76698,0.999877,4.81748
Hierarchy,100,Easy,4,2,8.09562,0.999877,4.81183
Hierarchy,100,Easy,5,1,2.44636,0.999877,4.8111
Hierarchy,100,Easy,6,1,3.04359,0.999877,4.81036
Hierarchy,100,Easy,7,1,1.9405,0.999877,4.79489
Hierarchy,100,Easy,8,1,2.80591,0.999877,4.79342
Hierarchy,100,Easy,9,1,2.12324,0.999877,4.79698
Hierarchy,100,Easy,10,1,6.55008,0.999877,4.80692
Hierarchy,100,Easy,11,1,3.01576,0.999877,4.80705
Hierarchy,100,Easy,12,2,3.55402,0.999877,4.80754
Hierarchy,100,Easy,13,1,2.84761,0.999877,4.80741
Hierarchy,100,Easy,14,1,2.34029,0.999877,4.80361
Hierarchy,100,Easy,15,1,1.66696,0.999877,4.79944
Hierarchy,100,Easy,16,1,5.64103,0.999877,4.81797
Hierarchy,100,Easy,17,1,2.54966,0.999877,4.81637
Hierarchy,100,Easy,18,1,1.70419,0.999877,4.81711
Hierarchy,100,Easy,19,1,2.17739,0.999877,4.81625
Hierarchy,100,Easy,20,2,4.39959,0.999877,4.81146
Hierarchy,100,Easy,21,1,6.448,0.999877,4.80054
Hierarchy,100,Easy,22,1,2.17123,0.999877,4.80054
Hierarchy,100,Easy,23,1,1.80852,0.999877,4.79747
Hierarchy,100,Easy,24,1,2.29739,0.999877,4.80214
Hierarchy,100,Easy,25,1,2.74873,0.999877,4.80471
Hierarchy,100,Easy,26,1,2.49345,0.999877,4.80103
Hierarchy,100,Easy,27,1,1.97608,0.999877,4.80103
Hierarchy,100,Easy,28,1,1.93214,0.999877,4.79968
Hierarchy,100,Easy,29,2,3.44895,0.999877,4.796
Hierarchy,100,Easy,30,3,7.46543,0.999877,4.79453
Hierarchy,100,Easy,31,1,3.08953,0.999877,4.79281
Hierarchy,100,Easy,32,1,2.98564,0.999877,4.79391
Hierarchy,100,Easy,33,1,2.53742,0.999877,4.79465
Hierarchy,100,Easy,34,1,4.05729,0.999877,4.78986
Hierarchy,100,Easy,35,1,1.69513,0.999877,4.78986
Hierarchy,100,Easy,36,1,1.7081,0.999877,4.79035
Hierarchy,100,Easy,37,1,2.43977,0.999877,4.78765
Hierarchy,100,Easy,38,1,6.10581,0.999877,4.78286
Hierarchy,100,Easy,39,1,2.24928,0.999877,4.78483
Hierarchy,100,Easy,40,1,3.26772,0.999877,4.78323
Hierarchy,100,Easy,41,1,2.48757,0.999877,4.78606
Hierarchy,100,Easy,42,1,2.96694,0.999877,4.77415
Hierarchy,100,Easy,43,1,3.43962,0.999877,4.78188
Hierarchy,100,Easy,44,1,2.34583,0.999877,4.78225
Hierarchy,100,Easy,45,1,2.0346,0.999877,4.7825
Hierarchy,100,Easy,46,3,8.1501,0.999877,4.77931
Hierarchy,100,Easy,47,1,4.49955,0.999877,4.77722
Hierarchy,100,Easy,48,1,2.69478,0.999877,4.77427
Hierarchy,100,Easy,49,1,2.80362,0.999877,4.7728
Hierarchy,100,Easy,50,3,6.24905,0.999877,4.76789
A* Static,100,Medium,0,0,0,0.999165,4.5825
A* Static,100,Medium,1,1,0,0.998886,4.58141
A* Static,100,Medium,2,1,0,0.995266,4.57009
A* Static,100,Medium,3,1,0,0.994987,4.57039
A* Static,100,Medium,4,2,0,0.994431,4.57071
A* Static,100,Medium,5,1,0,0.994291,4.57037
A* Static,100,Medium,6,1,0,0.994152,4.57031
A* Static,100,Medium,7,1,0,0.99095,4.56161
A* Static,100,Medium,8,1,0,0.990393,4.55982
A* Static,100,Medium,9,1,0,0.989836,4.55901
A* Static,100,Medium,10,1,0,0.989696,4.55923
A* Static,100,Medium,11,1,0,0.989557,4.55945
A* Static,100,Medium,12,2,0,0.988583,4.55901
A* Static,100,Medium,13,1,0,0.988443,4.55895
A* Static,100,Medium,14,1,0,0.987608,4.55703
A* Static,100,Medium,15,1,0,0.987469,4.55711
A* Static,100,Medium,16,1,0,0.98719,4.55698
A* Static,100,Medium,17,1,0,0.986633,4.55673
A* Static,100,Medium,18,1,0,0.984405,4.55417
A* Static,100,Medium,19,1,0,0.983431,4.55047
A* Static,100,Medium,20,2,0,0.984405,4.55488
A* Static,100,Medium,21,1,0,0.983988,4.55398
A* Static,100,Medium,22,1,0,0.983849,4.55406
A* Static,100,Medium,23,1,0,0.983152,4.5529
A* Static,100,Medium,24,1,0,0.982735,4.55271
A* Static,100,Medium,25,1,0,0.982595,4.55293
A* Static,100,Medium,26,1,0,0.982456,4.553
A* Static,100,Medium,27,1,0,0.982317,4.55322
A* Static,100,Medium,28,1,0,0.982038,4.55381
A* Static,100,Medium,29,2,0,0.98176,4.5534
A* Static,100,Medium,30,3,0,0.981342,4.55321
A* Static,100,Medium,31,1,0,0.981203,4.55329
A* Static,100,Medium,32,1,0,0.981064,4.55322
A* Static,100,Medium,33,1,0,0.980646,4.55104
A* Static,100,Medium,34,1,0,0.980228,4.55213
A* Static,100,Medium,35,1,0,0.980089,4.55192
A* Static,100,Medium,36,1,0,0.97995,4.55229
A* Static,100,Medium,37,1,0,0.979254,4.55026
A* Static,100,Medium,38,1,0,0.978836,4.55021
A* Static,100,Medium,39,1,0,0.978418,4.54874
A* Static,100,Medium,40,1,0,0.97814,4.54904
A* Static,100,Medium,41,1,0,0.978001,4.54883
A* Static,100,Medium,42,1,0,0.976608,4.54847
A* Static,100,Medium,43,1,0,0.976469,4.5487
A* Static,100,Medium,44,1,0,0.976051,4.54793
A* Static,100,Medium,45,1,0,0.976051,4.54793
A* Static,100,Medium,46,3,0,0.975216,4.54854
A* Static,100,Medium,47,1,0,0.975077,4.54819
A* Static,100,Medium,48,1,0,0.974659,4.54729
A* Static,100,Medium,49,1,0,0.973545,4.54934
A* Static,100,Medium,50,3,0,0.971735,4.54707
A* Oracle,100,Medium,0,0,0,0.999165,4.5825
A* Oracle,100,Medium,1,1,0.929548,0.999165,4.5825
A* Oracle,100,Medium,2,1,0.92756,0.999165,4.5825
A* Oracle,100,Medium,3,1,0.930576,0.999165,4.5825
A* Oracle,100,Medium,4,2,0.92753,0.999165,4.58236
A* Oracle,100,Medium,5,1,0.9324,0.999165,4.58264
A* Oracle,100,Medium,6,1,0.932008,0.999165,4.5825
A* Oracle,100,Medium,7,1,0.927706,0.999165,4.58027
A* Oracle,100,Medium,8,1,0.929705,0.999165,4.58041
A* Oracle,100,Medium,9,1,0.928256,0.999165,4.58055
A* Oracle,100,Medium,10,1,0.929048,0.999165,4.58027
A* Oracle,100,Medium,11,1,0.929118,0.999165,4.58027
A* Oracle,100,Medium,12,2,0.928504,0.999165,4.58013
A* Oracle,100,Medium,13,1,0.92802,0.999165,4.58027
A* Oracle,100,Medium,14,1,0.927091,0.999165,4.58041
A* Oracle,100,Medium,15,1,0.927109,0.999165,4.58055
A* Oracle,100,Medium,16,1,0.92896,0.999165,4.58069
A* Oracle,100,Medium,17,1,0.928224,0.999165,4.57999
A* Oracle,100,Medium,18,1,0.929434,0.999165,4.58208
A* Oracle,100,Medium,19,1,0.930057,0.999165,4.57999
A* Oracle,100,Medium,20,2,0.927995,0.999165,4.58027
A* Oracle,100,Medium,21,1,0.929907,0.999165,4.58055
A* Oracle,100,Medium,22,1,0.929115,0.999165,4.58055
A* Oracle,100,Medium,23,1,0.927889,0.999165,4.58027
A* Oracle,100,Medium,24,1,0.927783,0.999165,4.58055
A* Oracle,100,Medium,25,1,0.927738,0.999165,4.57915
A* Oracle,100,Medium,26,1,0.929759,0.999165,4.57915
A* Oracle,100,Medium,27,1,0.928743,0.999165,4.57915
A* Oracle,100,Medium,28,1,0.927713,0.999165,4.57929
A* Oracle,100,Medium,29,2,0.928898,0.999165,4.57915
A* Oracle,100,Medium,30,3,0.928369,0.999165,4.57887
A* Oracle,100,Medium,31,1,0.927779,0.999165,4.57887
A* Oracle,100,Medium,32,1,0.929031,0.999165,4.57887
A* Oracle,100,Medium,33,1,0.927538,0.999165,4.57901
A* Oracle,100,Medium,34,1,0.929752,0.999165,4.57901
A* Oracle,100,Medium,35,1,0.928541,0.999165,4.57929
A* Oracle,100,Medium,36,1,0.928413,0.999165,4.57929
A* Oracle,100,Medium,37,1,0.928799,0.999165,4.57901
A* Oracle,100,Medium,38,1,0.927859,0.999165,4.57915
A* Oracle,100,Medium,39,1,0.927934,0.999165,4.57846
A* Oracle,100,Medium,40,1,0.927888,0.999165,4.57818
A* Oracle,100,Medium,41,1,0.926488,0.999165,4.57832
A* Oracle,100,Medium,42,1,0.927598,0.999165,4.57887
A* Oracle,100,Medium,43,1,0.926664,0.999165,4.57901
A* Oracle,100,Medium,44,1,0.927638,0.999165,4.57776
A* Oracle,100,Medium,45,1,0.928277,0.999165,4.57832
A* Oracle,100,Medium,46,3,0.927621,0.999165,4.57846
A* Oracle,100,Medium,47,1,0.928579,0.999165,4.57818
A* Oracle,100,Medium,48,1,0.926804,0.999165,4.57302
A* Oracle,100,Medium,49,1,0.927501,0.999165,4.57386
A* Oracle,100,Medium,50,3,0.928761,0.999165,4.57316
Local,100,Medium,0,0,0,0.958925,5.06853
Local,100,Medium,1,1,1.30333,0.958925,5.06665
Local,100,Medium,2,1,1.25046,0.958925,5.07231
Local,100,Medium,3,1,0.319283,0.958925,5.07187
Local,100,Medium,4,2,1.67757,0.958925,5.06912
Local,100,Medium,5,1,1.22482,0.958925,5.07013
Local,100,Medium,6,1,0.489336,0.958925,5.06912
Local,100,Medium,7,1,1.51424,0.962406,5.11574
Local,100,Medium,8,1,0.536377,0.962406,5.11343
Local,100,Medium,9,1,0.520195,0.962406,5.11487
Local,100,Medium,10,1,2.82865,0.962406,5.12023
Local,100,Medium,11,1,0.448304,0.962406,5.12008
Local,100,Medium,12,2,1.85713,0.962406,5.11921
Local,100,Medium,13,1,0.497462,0.962406,5.11791
Local,100,Medium,14,1,1.51162,0.962406,5.12297
Local,100,Medium,15,1,0.427745,0.962406,5.12066
Local,100,Medium,16,1,4.48396,0.969786,5.19928
Local,100,Medium,17,1,1.46528,0.969925,5.19882
Local,100,Medium,18,1,0.993868,0.969925,5.20184
Local,100,Medium,19,1,1.08365,0.969925,5.19968
Local,100,Medium,20,2,3.25007,0.969925,5.19351
Local,100,Medium,21,1,0.517051,0.969925,5.19322
Local,100,Medium,22,1,0.483814,0.974659,5.19214
Local,100,Medium,23,1,0.807411,0.974659,5.19286
Local,100,Medium,24,1,0.909984,0.974659,5.19414
Local,100,Medium,25,1,1.43017,0.974659,5.19214
Local,100,Medium,26,1,0.775857,0.974659,5.18629
Local,100,Medium,27,1,0.39685,0.974659,5.18543
Local,100,Medium,28,1,0.656265,0.974659,5.18557
Local,100,Medium,29,2,8.37432,0.948482,5.04096
Local,100,Medium,30,3,3.00967,0.948482,5.04404
Local,100,Medium,31,1,2.02318,0.948482,5.04419
Local,100,Medium,32,1,0.735019,0.948482,5.04419
Local,100,Medium,33,1,1.44244,0.948482,5.0458
Local,100,Medium,34,1,0.993847,0.948622,5.0524
Local,100,Medium,35,1,0.942701,0.948622,5.05181
Local,100,Medium,36,1,0.730789,0.948622,5.05123
Local,100,Medium,37,1,1.63003,0.948622,5.0568
Local,100,Medium,38,1,1.40851,0.948622,5.06047
Local,100,Medium,39,1,0.976076,0.948622,5.06077
Local,100,Medium,40,1,0.555878,0.948622,5.06003
Local,100,Medium,41,1,1.00026,0.948761,5.05826
Local,100,Medium,42,1,0.422388,0.948761,5.05988
Local,100,Medium,43,1,0.568316,0.948761,5.06002
Local,100,Medium,44,1,1.11326,0.948761,5.05371
Local,100,Medium,45,1,0.669547,0.948761,5.05445
Local,100,Medium,46,3,1.33999,0.948761,5.0543
Local,100,Medium,47,1,1.24967,0.948761,5.04814
Local,100,Medium,48,1,1.27122,0.954748,5.1104
Local,100,Medium,49,1,0.879624,0.954748,5.10952
Local,100,Medium,50,3,2.67027,0.954748,5.10661
Hierarchy,100,Medium,0,0,0,0.995405,4.93943
Hierarchy,100,Medium,1,1,3.02758,0.995405,4.93594
Hierarchy,100,Medium,2,1,3.23488,0.996519,4.94341
Hierarchy,100,Medium,3,1,1.362,0.996519,4.94104
Hierarchy,100,Medium,4,2,3.50658,0.996519,4.93698
Hierarchy,100,Medium,5,1,2.81541,0.996519,4.92301
Hierarchy,100,Medium,6,1,1.78682,0.996519,4.9212
Hierarchy,100,Medium,7,1,2.29273,0.99638,4.91727
Hierarchy,100,Medium,8,1,2.55567,0.99638,4.92202
Hierarchy,100,Medium,9,1,1.89846,0.99638,4.92063
Hierarchy,100,Medium,10,1,3.79869,0.99638,4.92063
Hierarchy,100,Medium,11,1,2.23688,0.996519,4.93182
Hierarchy,100,Medium,12,2,4.03967,0.996519,4.93154
Hierarchy,100,Medium,13,1,1.86041,0.996519,4.9272
Hierarchy,100,Medium,14,1,3.03074,0.996519,4.92692
Hierarchy,100,Medium,15,1,2.06614,0.996519,4.92776
Hierarchy,100,Medium,16,1,5.83436,0.996519,4.93796
Hierarchy,100,Medium,17,1,2.9579,0.996519,4.93796
Hierarchy,100,Medium,18,1,2.40416,0.996519,4.93908
Hierarchy,100,Medium,19,1,2.77728,0.996519,4.93782
Hierarchy,100,Medium,20,2,5.44108,0.996658,4.93895
Hierarchy,100,Medium,21,1,2.10062,0.996658,4.93364
Hierarchy,100,Medium,22,1,1.38777,0.996658,4.93015
Hierarchy,100,Medium,23,1,1.77307,0.996658,4.92987
Hierarchy,100,Medium,24,1,1.86156,0.996519,4.93195
Hierarchy,100,Medium,25,1,2.5019,0.995266,4.90921
Hierarchy,100,Medium,26,1,1.78831,0.995266,4.90445
Hierarchy,100,Medium,27,1,1.62145,0.995405,4.90362
Hierarchy,100,Medium,28,1,1.6459,0.995405,4.90446
Hierarchy,100,Medium,29,2,11.6933,0.995405,4.89327
Hierarchy,100,Medium,30,3,6.22221,0.995405,4.87802
Hierarchy,100,Medium,31,1,4.45726,0.995405,4.87914
Hierarchy,100,Medium,32,1,1.69836,0.995405,4.87789
Hierarchy,100,Medium,33,1,2.91285,0.995405,4.87509
Hierarchy,100,Medium,34,1,2.45728,0.995405,4.87453
Hierarchy,100,Medium,35,1,2.34695,0.995405,4.87565
Hierarchy,100,Medium,36,1,1.66803,0.995405,4.87705
Hierarchy,100,Medium,37,1,1.91374,0.995405,4.88516
Hierarchy,100,Medium,38,1,1.7756,0.996101,4.89041
Hierarchy,100,Medium,39,1,2.27932,0.996101,4.89307
Hierarchy,100,Medium,40,1,2.18736,0.995266,4.88766
Hierarchy,100,Medium,41,1,2.51378,0.995266,4.8885
Hierarchy,100,Medium,42,1,1.83089,0.995266,4.8906
Hierarchy,100,Medium,43,1,2.23619,0.995266,4.88878
Hierarchy,100,Medium,44,1,2.27795,0.995266,4.88556
Hierarchy,100,Medium,45,1,2.34519,0.995266,4.88724
Hierarchy,100,Medium,46,3,4.35128,0.995266,4.88724
Hierarchy,100,Medium,47,1,2.85288,0.995266,4.88388
Hierarchy,100,Medium,48,1,2.22062,0.996101,4.88398
Hierarchy,100,Medium,49,1,2.014,0.997354,4.89222
Hierarchy,100,Medium,50,3,6.5094,0.997354,4.8872
A* Static,100,Hard,0,0,0,0.998667,7.34713
A* Static,100,Hard,1,1,0,0.9985,7.34585
A* Static,100,Hard,2,1,0,0.998333,7.34608
A* Static,100,Hard,3,2,0,0.995667,7.34884
A* Static,100,Hard,4,1,0,0.983833,7.31137
A* Static,100,Hard,5,1,0,0.983667,7.31193
A* Static,100,Hard,6,1,0,0.983,7.3118
A* Static,100,Hard,7,1,0,0.982667,7.31242
A* Static,100,Hard,8,1,0,0.981,7.30309
A* Static,100,Hard,9,1,0,0.980167,7.30318
A* Static,100,Hard,10,2,0,0.979667,7.3035
A* Static,100,Hard,11,1,0,0.979333,7.30344
A* Static,100,Hard,12,1,0,0.977833,7.30561
A* Static,100,Hard,13,1,0,0.976833,7.30131
A* Static,100,Hard,14,1,0,0.9765,7.30227
A* Static,100,Hard,15,1,0,0.9765,7.30227
A* Static,100,Hard,16,1,0,0.976333,7.30232
A* Static,100,Hard,17,1,0,0.976167,7.30169
A* Static,100,Hard,18,1,0,0.975833,7.30094
A* Static,100,Hard,19,1,0,0.975667,7.30184
A* Static,100,Hard,20,1,0,0.974167,7.30334
A* Static,100,Hard,21,2,0,0.971833,7.28983
A* Static,100,Hard,22,4,0,0.968667,7.28217
A* Static,100,Hard,23,1,0,0.9685,7.28308
A* Static,100,Hard,24,1,0,0.968333,7.28382
A* Static,100,Hard,25,1,0,0.967,7.28214
A* Static,100,Hard,26,1,0,0.9665,7.28126
A* Static,100,Hard,27,1,0,0.966167,7.27945
A* Static,100,Hard,28,1,0,0.965,7.28221
A* Static,100,Hard,29,1,0,0.964833,7.28191
A* Static,100,Hard,30,1,0,0.958833,7.23483
A* Static,100,Hard,31,1,0,0.9585,7.23405
A* Static,100,Hard,32,2,0,0.955667,7.24311
A* Static,100,Hard,33,1,0,0.9555,7.24246
A* Static,100,Hard,34,1,0,0.955333,7.2425
A* Static,100,Hard,35,2,0,0.954833,7.24228
A* Static,100,Hard,36,1,0,0.954667,7.24319
A* Static,100,Hard,37,1,0,0.953833,7.23659
A* Static,100,Hard,38,1,0,0.953667,7.23593
A* Static,100,Hard,39,1,0,0.952833,7.23579
A* Static,100,Hard,40,1,0,0.948833,7.22695
A* Static,100,Hard,41,1,0,0.9445,7.21669
A* Static,100,Hard,42,1,0,0.943667,7.21547
A* Static,100,Hard,43,1,0,0.943333,7.21572
A* Static,100,Hard,44,1,0,0.943167,7.21364
A* Static,100,Hard,45,1,0,0.9395,7.21288
A* Static,100,Hard,46,1,0,0.939333,7.21221
A* Static,100,Hard,47,1,0,0.936,7.20976
A* Static,100,Hard,48,1,0,0.935167,7.20691
A* Static,100,Hard,49,1,0,0.931333,7.19596
A* Static,100,Hard,50,1,0,0.931,7.19549
A* Oracle,100,Hard,0,0,0,0.998667,7.34713
A* Oracle,100,Hard,1,1,1.25415,0.998667,7.34713
A* Oracle,100,Hard,2,1,1.25441,0.998667,7.34713
A* Oracle,100,Hard,3,2,1.25515,0.998667,7.3488
A* Oracle,100,Hard,4,1,1.25674,0.998667,7.35631
A* Oracle,100,Hard,5,1,1.25603,0.998667,7.35648
A* Oracle,100,Hard,6,1,1.26882,0.998667,7.35731
A* Oracle,100,Hard,7,1,1.28865,0.998667,7.35748
A* Oracle,100,Hard,8,1,1.27091,0.998667,7.35648
A* Oracle,100,Hard,9,1,1.25509,0.998667,7.35731
A* Oracle,100,Hard,10,2,1.25532,0.998667,7.35681
A* Oracle,100,Hard,11,1,1.25455,0.998667,7.35648
A* Oracle,100,Hard,12,1,1.25526,0.998667,7.35631
A* Oracle,100,Hard,13,1,1.25386,0.998667,7.35614
A* Oracle,100,Hard,14,1,1.25422,0.998667,7.35531
A* Oracle,100,Hard,15,1,1.25543,0.998667,7.3533
A* Oracle,100,Hard,16,1,1.25721,0.998667,7.35264
A* Oracle,100,Hard,17,1,1.25518,0.998667,7.35147
A* Oracle,100,Hard,18,1,1.25464,0.998333,7.35075
A* Oracle,100,Hard,19,1,1.25615,0.998333,7.34758
A* Oracle,100,Hard,20,1,1.25602,0.998333,7.34791
A* Oracle,100,Hard,21,2,1.25559,0.998333,7.34641
A* Oracle,100,Hard,22,4,1.25483,0.998333,7.34641
A* Oracle,100,Hard,23,1,1.27862,0.998333,7.34324
A* Oracle,100,Hard,24,1,1.27066,0.998333,7.34324
A* Oracle,100,Hard,25,1,1.27877,0.998333,7.34391
A* Oracle,100,Hard,26,1,1.28173,0.998333,7.34257
A* Oracle,100,Hard,27,1,1.25483,0.998333,7.3419
A* Oracle,100,Hard,28,1,1.25538,0.998333,7.3424
A* Oracle,100,Hard,29,1,1.25657,0.998333,7.3424
A* Oracle,100,Hard,30,1,1.26079,0.998333,7.34307
A* Oracle,100,Hard,31,1,1.26134,0.998333,7.34324
A* Oracle,100,Hard,32,2,1.25855,0.998333,7.34474
A* Oracle,100,Hard,33,1,1.25742,0.998333,7.34457
A* Oracle,100,Hard,34,1,1.25941,0.998333,7.34441
A* Oracle,100,Hard,35,2,1.25272,0.998333,7.34474
A* Oracle,100,Hard,36,1,1.25968,0.998333,7.34725
A* Oracle,100,Hard,37,1,1.27563,0.998333,7.34641
A* Oracle,100,Hard,38,1,1.28442,0.998333,7.34691
A* Oracle,100,Hard,39,1,1.27405,0.998333,7.34691
A* Oracle,100,Hard,40,1,1.25806,0.998333,7.35008
A* Oracle,100,Hard,41,1,1.27309,0.998333,7.34841
A* Oracle,100,Hard,42,1,1.26756,0.998333,7.34841
A* Oracle,100,Hard,43,1,1.25832,0.998333,7.34825
A* Oracle,100,Hard,44,1,1.26715,0.998333,7.34958
A* Oracle,100,Hard,45,1,1.26044,0.998333,7.35326
A* Oracle,100,Hard,46,1,1.26057,0.998333,7.35309
A* Oracle,100,Hard,47,1,1.26165,0.998333,7.35659
A* Oracle,100,Hard,48,1,1.25983,0.998333,7.35609
A* Oracle,100,Hard,49,1,1.26335,0.998333,7.35609
A* Oracle,100,Hard,50,1,1.26037,0.998333,7.35609
Local,100,Hard,0,0,0,0.731833,6.96516
Local,100,Hard,1,1,4.88367,0.731167,6.97265
Local,100,Hard,2,1,0.645192,0.731333,6.97174
Local,100,Hard,3,2,1.61202,0.7315,6.98268
Local,100,Hard,4,1,2.07297,0.7315,6.98861
Local,100,Hard,5,1,1.37487,0.73,6.99726
Local,100,Hard,6,1,1.68732,0.73,6.99384
Local,100,Hard,7,1,0.84712,0.73,6.99361
Local,100,Hard,8,1,3.93318,0.73,6.99361
Local,100,Hard,9,1,3.26172,0.713333,6.80514
Local,100,Hard,10,2,5.36246,0.697,6.73769
Local,100,Hard,11,1,2.68461,0.697,6.74582
Local,100,Hard,12,1,1.16061,0.697,6.7439
Local,100,Hard,13,1,1.84295,0.697,6.73458
Local,100,Hard,14,1,0.758409,0.697,6.73123
Local,100,Hard,15,1,2.07044,0.697,6.7274
Local,100,Hard,16,1,1.03342,0.697333,6.7261
Local,100,Hard,17,1,0.704368,0.697333,6.72634
Local,100,Hard,18,1,0.559833,0.697,6.72501
Local,100,Hard,19,1,0.98169,0.697,6.68364
Local,100,Hard,20,1,5.14156,0.702167,6.71279
Local,100,Hard,21,2,4.57719,0.694667,6.57294
Local,100,Hard,22,4,9.14059,0.6895,6.53203
Local,100,Hard,23,1,1.58321,0.688833,6.52117
Local,100,Hard,24,1,1.58281,0.6895,6.53469
Local,100,Hard,25,1,4.3361,0.687167,6.52365
Local,100,Hard,26,1,0.506111,0.687167,6.51855
Local,100,Hard,27,1,5.08686,0.688,6.53125
Local,100,Hard,28,1,1.10385,0.689,6.53604
Local,100,Hard,29,1,1.82714,0.689,6.53193
Local,100,Hard,30,1,3.83086,0.689167,6.53083
Local,100,Hard,31,1,3.90099,0.689167,6.53083
Local,100,Hard,32,2,1.73146,0.689167,6.53736
Local,100,Hard,33,1,4.1321,0.689167,6.50568
Local,100,Hard,34,1,2.11364,0.689167,6.50665
Local,100,Hard,35,2,2.9258,0.689333,6.50484
Local,100,Hard,36,1,1.01963,0.689167,6.5052
Local,100,Hard,37,1,4.24679,0.689167,6.5052
Local,100,Hard,38,1,1.89954,0.689167,6.50496
Local,100,Hard,39,1,1.81052,0.689167,6.5023
Local,100,Hard,40,1,4.22628,0.703333,6.76967
Local,100,Hard,41,1,5.94168,0.703,6.74727
Local,100,Hard,42,1,4.12229,0.687833,6.70996
Local,100,Hard,43,1,1.21886,0.687833,6.71165
Local,100,Hard,44,1,4.04931,0.686833,6.69789
Local,100,Hard,45,1,1.79849,0.687833,6.70657
Local,100,Hard,46,1,2.93093,0.7045,6.89591
Local,100,Hard,47,1,1.56165,0.7045,6.903
Local,100,Hard,48,1,1.94643,0.7045,6.89922
Local,100,Hard,49,1,0.68771,0.7045,6.89946
Local,100,Hard,50,1,1.72345,0.7045,6.88976
Hierarchy,100,Hard,0,0,0,0.931,8.26083
Hierarchy,100,Hard,1,1,9.67868,0.9305,8.26903
Hierarchy,100,Hard,2,1,3.29609,0.930667,8.26039
Hierarchy,100,Hard,3,2,5.10923,0.936333,8.28142
Hierarchy,100,Hard,4,1,5.89652,0.933333,8.25786
Hierarchy,100,Hard,5,1,4.32188,0.933833,8.25843
Hierarchy,100,Hard,6,1,4.06188,0.933833,8.2388
Hierarchy,100,Hard,7,1,2.77625,0.940167,8.25315
Hierarchy,100,Hard,8,1,10.5164,0.939,8.26198
Hierarchy,100,Hard,9,1,5.67701,0.939,8.26464
Hierarchy,100,Hard,10,2,8.87988,0.939,8.26358
Hierarchy,100,Hard,11,1,4.19979,0.939167,8.26353
Hierarchy,100,Hard,12,1,2.40408,0.939167,8.26318
Hierarchy,100,Hard,13,1,3.81047,0.939167,8.26087
Hierarchy,100,Hard,14,1,3.03208,0.939167,8.25714
Hierarchy,100,Hard,15,1,4.71822,0.939167,8.27063
Hierarchy,100,Hard,16,1,1.88923,0.939333,8.26845
Hierarchy,100,Hard,17,1,2.16503,0.939333,8.2681
Hierarchy,100,Hard,18,1,3.26716,0.939,8.24547
Hierarchy,100,Hard,19,1,2.08241,0.938833,8.22244
Hierarchy,100,Hard,20,1,7.91183,0.939,8.20447
Hierarchy,100,Hard,21,2,17.2566,0.943667,8.35729
Hierarchy,100,Hard,22,4,15.2176,0.938,8.33618
Hierarchy,100,Hard,23,1,2.99169,0.938,8.33689
Hierarchy,100,Hard,24,1,2.90339,0.938,8.33529
Hierarchy,100,Hard,25,1,15.6746,0.939333,8.272
Hierarchy,100,Hard,26,1,3.03855,0.939333,8.25568
Hierarchy,100,Hard,27,1,7.98894,0.939667,8.26995
Hierarchy,100,Hard,28,1,2.48407,0.939667,8.27634
Hierarchy,100,Hard,29,1,3.66695,0.943833,8.28201
Hierarchy,100,Hard,30,1,11.6219,0.9425,8.31406
Hierarchy,100,Hard,31,1,4.42091,0.9425,8.31034
Hierarchy,100,Hard,32,2,4.93268,0.942833,8.30917
Hierarchy,100,Hard,33,1,5.80013,0.943167,8.27973
Hierarchy,100,Hard,34,1,4.71733,0.942833,8.27718
Hierarchy,100,Hard,35,2,6.36471,0.942833,8.24978
Hierarchy,100,Hard,36,1,3.80313,0.942667,8.25354
Hierarchy,100,Hard,37,1,15.5875,0.939833,8.29491
Hierarchy,100,Hard,38,1,4.40275,0.939833,8.29544
Hierarchy,100,Hard,39,1,2.64288,0.939833,8.29722
Hierarchy,100,Hard,40,1,6.56808,0.939833,8.31725
Hierarchy,100,Hard,41,1,9.38353,0.939667,8.32245
Hierarchy,100,Hard,42,1,6.55867,0.939667,8.33647
Hierarchy,100,Hard,43,1,3.46655,0.9395,8.3289
Hierarchy,100,Hard,44,1,15.4037,0.938333,8.30355
Hierarchy,100,Hard,45,1,4.64141,0.938333,8.30302
Hierarchy,100,Hard,46,1,5.57734,0.938333,8.30142
Hierarchy,100,Hard,47,1,2.97431,0.938333,8.30888
Hierarchy,100,Hard,48,1,14.136,0.931833,8.15114
Hierarchy,100,Hard,49,1,3.16214,0.9335,8.16801
Hierarchy,100,Hard,50,1,3.5119,0.9335,8.1664
