Approach,Size,Difficulty,Changes,InitialTime,AdaptTime,SuccessRate,AvgPathLength
A*,10,Easy,0,0.0105662,0,1,5.1564
A*,10,Easy,1,0.0105662,0.0110644,1,5.0515
A*,10,Easy,5,0.0105662,0.00992601,1,5.0525
Local,10,Easy,0,0.297096,0,1,5.1288
Local,10,Easy,1,0.297096,0.17014,1,5.0459
Local,10,Easy,5,0.297096,0.174481,1,5.0284
Hierarchy,10,Easy,0,0.286641,0,1,5.1642
Hierarchy,10,Easy,1,0.286641,0.192277,1,5.0533
Hierarchy,10,Easy,5,0.286641,0.200624,1,5.0403
A*,10,Medium,0,0.00711579,0,1,5.271
A*,10,Medium,1,0.00711579,0.00703087,1,5.2277
A*,10,Medium,5,0.00711579,0.00789818,1,5.2655
Local,10,Medium,0,0.309567,0,1,5.3002
Local,10,Medium,1,0.309567,0.162875,1,5.2531
Local,10,Medium,5,0.309567,0.239471,1,5.2569
Hierarchy,10,Medium,0,0.289833,0,1,5.275
Hierarchy,10,Medium,1,0.289833,0.189537,1,5.2594
Hierarchy,10,Medium,5,0.289833,0.249988,1,5.2513
A*,10,Hard,0,0.00493087,0,1,8.1646
A*,10,Hard,1,0.00493087,0.0052647,1,9.145
A*,10,Hard,5,0.00493087,0.00238338,0.5396,4.86342
Local,10,Hard,0,0.342634,0,1,8.1762
Local,10,Hard,1,0.342634,0.23853,1,9.2021
Local,10,Hard,5,0.342634,0.283321,0.531,4.83955
Hierarchy,10,Hard,0,0.295471,0,1,8.176
Hierarchy,10,Hard,1,0.295471,0.234053,1,9.149
Hierarchy,10,Hard,5,0.295471,0.225537,0.5344,4.84862
A*,20,Easy,0,0.0858824,0,1,5.1035
A*,20,Easy,1,0.0858824,0.0857836,1,5.0895
A*,20,Easy,5,0.0858824,0.087303,1,5.1583
Local,20,Easy,0,0.560957,0,1,5.2351
Local,20,Easy,1,0.560957,0.321079,1,5.0929
Local,20,Easy,5,0.560957,0.459938,1,5.1169
Hierarchy,20,Easy,0,0.687582,0,1,5.3325
Hierarchy,20,Easy,1,0.687582,0.342257,1,5.0936
Hierarchy,20,Easy,5,0.687582,0.415387,1,5.12
A*,20,Medium,0,0.0567043,0,1,5.2204
A*,20,Medium,1,0.0567043,0.0563181,1,5.2342
A*,20,Medium,5,0.0567043,0.0559649,1,5.2541
Local,20,Medium,0,0.634899,0,1,5.2994
Local,20,Medium,1,0.634899,0.413657,1,5.2284
Local,20,Medium,5,0.634899,0.310878,1,5.2634
Hierarchy,20,Medium,0,0.664476,0,1,5.3454
Hierarchy,20,Medium,1,0.664476,0.348379,1,5.1845
Hierarchy,20,Medium,5,0.664476,0.283124,1,5.2138
A*,20,Hard,0,0.0399702,0,0.9308,6.50838
A*,20,Hard,1,0.0399702,0.0366592,0.9363,6.45669
A*,20,Hard,5,0.0399702,0.0352986,0.93,6.35957
Local,20,Hard,0,0.745006,0,0.9162,6.35287
Local,20,Hard,1,0.745006,0.574742,0.9327,6.48944
Local,20,Hard,5,0.745006,0.700572,0.9346,6.49016
Hierarchy,20,Hard,0,1.02723,0,0.9299,6.4922
Hierarchy,20,Hard,1,1.02723,0.522327,0.9344,6.46426
Hierarchy,20,Hard,5,1.02723,0.503104,0.9324,6.37666
A*,50,Easy,0,0.813633,0,1,5.0002
A*,50,Easy,1,0.813633,0.816261,1,4.997
A*,50,Easy,5,0.813633,0.802579,1,4.9997
A*,50,Easy,10,0.813633,0.752408,1,5.0044
A*,50,Easy,20,0.813633,0.747605,1,5.0653
Local,50,Easy,0,10.2541,0,0.9983,5.18702
Local,50,Easy,1,10.2541,0.272062,0.9983,5.1781
Local,50,Easy,5,10.2541,0.86689,0.9984,5.17498
Local,50,Easy,10,10.2541,3.25423,0.9983,5.19383
Local,50,Easy,20,10.2541,4.38554,0.9993,5.19774
Hierarchy,50,Easy,0,15.0884,0,0.9994,5.19021
Hierarchy,50,Easy,1,15.0884,0.574847,0.9998,5.16143
Hierarchy,50,Easy,5,15.0884,2.51112,0.9993,5.12459
Hierarchy,50,Easy,10,15.0884,5.61191,0.9996,5.07593
Hierarchy,50,Easy,20,15.0884,6.30725,0.9999,5.10351
A*,50,Medium,0,0.503938,0,0.9977,5.07948
A*,50,Medium,1,0.503938,0.49703,0.9984,5.08073
A*,50,Medium,5,0.503938,0.51645,0.9981,5.04729
A*,50,Medium,10,0.503938,0.504636,0.9983,5.07933
A*,50,Medium,20,0.503938,0.509156,0.9997,5.05562
Local,50,Medium,0,10.564,0,0.9972,5.19785
Local,50,Medium,1,10.564,0.153102,0.9973,5.20756
Local,50,Medium,5,10.564,1.84743,0.9966,5.16968
Local,50,Medium,10,10.564,3.01412,0.9968,5.16653
Local,50,Medium,20,10.564,3.19162,0.9984,5.20543
Hierarchy,50,Medium,0,13.2093,0,0.9979,5.16445
Hierarchy,50,Medium,1,13.2093,0.54654,0.9972,5.20989
Hierarchy,50,Medium,5,13.2093,3.75803,0.9974,5.20132
Hierarchy,50,Medium,10,13.2093,5.16465,0.9975,5.14506
Hierarchy,50,Medium,20,13.2093,4.635,0.999,5.24915
A*,50,Hard,0,0.520354,0,0.9997,7.69611
A*,50,Hard,1,0.520354,0.514287,0.9994,7.63228
A*,50,Hard,5,0.520354,0.516422,0.9991,7.54289
A*,50,Hard,10,0.520354,0.516864,0.9997,7.6781
A*,50,Hard,20,0.520354,0.513617,0.999,7.67367
Local,50,Hard,0,16.6802,0,0.9729,7.74715
Local,50,Hard,1,16.6802,0.326415,0.9718,7.80963
Local,50,Hard,5,16.6802,3.27201,0.9825,7.66443
Local,50,Hard,10,16.6802,5.80888,0.9723,7.70431
Local,50,Hard,20,16.6802,9.8478,0.9742,7.60563
Hierarchy,50,Hard,0,22.0127,0,0.9772,7.69065
Hierarchy,50,Hard,1,22.0127,0.771418,0.974,7.62207
Hierarchy,50,Hard,5,22.0127,7.40933,0.9792,7.49479
Hierarchy,50,Hard,10,22.0127,8.58181,0.9791,7.62374
Hierarchy,50,Hard,20,22.0127,14.4178,0.9698,7.53661
A*,100,Easy,0,2.56705,0,1,4.4806
A*,100,Easy,1,2.56705,2.46719,0.9995,4.47244
A*,100,Easy,5,2.56705,2.4676,0.9999,4.47795
A*,100,Easy,10,2.56705,2.46449,0.9995,4.46283
A*,100,Easy,20,2.56705,2.46318,0.9997,4.46404
Local,100,Easy,0,43.6333,0,0.9985,4.61182
Local,100,Easy,1,43.6333,0.214493,0.9981,4.60285
Local,100,Easy,5,43.6333,1.96379,0.999,4.65295
Local,100,Easy,10,43.6333,3.98932,0.998,4.65261
Local,100,Easy,20,43.6333,8.98072,0.9976,4.5818
Hierarchy,100,Easy,0,56.9255,0,0.9996,4.60854
Hierarchy,100,Easy,1,56.9255,0.668994,0.9999,4.61056
Hierarchy,100,Easy,5,56.9255,4.91544,0.9995,4.58879
Hierarchy,100,Easy,10,56.9255,8.84106,0.9998,4.55901
Hierarchy,100,Easy,20,56.9255,17.3115,0.9995,4.58469
A*,100,Medium,0,1.72905,0,0.9995,4.63972
A*,100,Medium,1,1.72905,1.73013,0.9991,4.64448
A*,100,Medium,5,1.72905,1.72594,0.9996,4.65466
A*,100,Medium,10,1.72905,1.73473,0.9985,4.62614
A*,100,Medium,20,1.72905,1.73233,0.9994,4.61857
Local,100,Medium,0,39.3037,0,0.9981,4.83058
Local,100,Medium,1,39.3037,0.380536,0.9989,4.77505
Local,100,Medium,5,39.3037,2.35904,0.9985,4.74832
Local,100,Medium,10,39.3037,4.30409,0.9986,4.77899
Local,100,Medium,20,39.3037,9.55014,0.9989,4.77015
Hierarchy,100,Medium,0,53.3909,0,0.9972,4.73406
Hierarchy,100,Medium,1,53.3909,0.726557,0.9987,4.81536
Hierarchy,100,Medium,5,53.3909,3.73667,0.999,4.72863
Hierarchy,100,Medium,10,53.3909,9.99157,0.999,4.71662
Hierarchy,100,Medium,20,53.3909,16.8381,0.9996,4.67847
A*,100,Hard,0,2.32969,0,0.9986,7.34078
A*,100,Hard,1,2.32969,2.32524,0.9991,7.39786
A*,100,Hard,5,2.32969,2.33673,0.9988,7.43082
A*,100,Hard,10,2.32969,2.32217,0.9986,7.46014
A*,100,Hard,20,2.32969,2.33322,0.9989,7.37802
Local,100,Hard,0,69.9988,0,0.9707,7.34717
Local,100,Hard,1,69.9988,0.487118,0.9741,7.31958
Local,100,Hard,5,69.9988,1.61475,0.9698,7.39029
Local,100,Hard,10,69.9988,7.1611,0.9714,7.33333
Local,100,Hard,20,69.9988,10.4966,0.9739,7.31975
Hierarchy,100,Hard,0,91.6235,0,0.977,7.27615
Hierarchy,100,Hard,1,91.6235,1.06814,0.9802,7.31075
Hierarchy,100,Hard,5,91.6235,4.96572,0.9755,7.35038
Hierarchy,100,Hard,10,91.6235,14.8036,0.9809,7.39158
Hierarchy,100,Hard,20,91.6235,22.5811,0.9805,7.30913
A*,200,Easy,0,10.2569,0,1,4.4355
A*,200,Easy,1,10.2569,10.2346,1,4.5005
A*,200,Easy,5,10.2569,10.2313,1,4.4745
A*,200,Easy,10,10.2569,10.2451,1,4.458
A*,200,Easy,20,10.2569,10.2316,1,4.4551
A*,200,Easy,50,10.2569,10.2843,1,4.5053
Local,200,Easy,0,188.693,0,0.9986,4.61927
Local,200,Easy,1,188.693,0.466635,0.9977,4.651
Local,200,Easy,5,188.693,1.26382,0.9986,4.66543
Local,200,Easy,10,188.693,4.76116,0.9979,4.60437
Local,200,Easy,20,188.693,10.3001,0.9977,4.63987
Local,200,Easy,50,188.693,22.2772,0.9978,4.57587
Hierarchy,200,Easy,0,236.896,0,0.9979,4.60166
Hierarchy,200,Easy,1,236.896,1.30535,0.9981,4.61597
Hierarchy,200,Easy,5,236.896,3.06664,0.9981,4.6329
Hierarchy,200,Easy,10,236.896,11.3056,0.9978,4.55713
Hierarchy,200,Easy,20,236.896,19.7338,0.9976,4.51694
Hierarchy,200,Easy,50,236.896,44.0545,0.9978,4.55181
A*,200,Medium,0,7.04847,0,0.9995,4.57659
A*,200,Medium,1,7.04847,7.06527,0.9996,4.61855
A*,200,Medium,5,7.04847,7.12623,0.9999,4.58426
A*,200,Medium,10,7.04847,7.04529,0.9999,4.58816
A*,200,Medium,20,7.04847,7.05334,0.9998,4.60132
A*,200,Medium,50,7.04847,7.04387,0.9996,4.64276
Local,200,Medium,0,173.852,0,0.991,4.68355
Local,200,Medium,1,173.852,0.444976,0.9925,4.68151
Local,200,Medium,5,173.852,1.57583,0.9915,4.73283
Local,200,Medium,10,173.852,4.69216,0.9915,4.72113
Local,200,Medium,20,173.852,8.21537,0.9913,4.67437
Local,200,Medium,50,173.852,20.8001,0.9925,4.72212
Hierarchy,200,Medium,0,230.578,0,0.9957,4.71759
Hierarchy,200,Medium,1,230.578,1.25033,0.9952,4.72036
Hierarchy,200,Medium,5,230.578,4.98164,0.9966,4.73721
Hierarchy,200,Medium,10,230.578,11.2178,0.9962,4.685
Hierarchy,200,Medium,20,230.578,20.6514,0.9955,4.70598
Hierarchy,200,Medium,50,230.578,42.6535,0.9933,4.6574
A*,200,Hard,0,9.3801,0,0.9978,7.07567
A*,200,Hard,1,9.3801,9.38459,0.9971,7.06118
A*,200,Hard,5,9.3801,9.39694,0.9982,7.01312
A*,200,Hard,10,9.3801,9.40227,0.9966,7.09944
A*,200,Hard,20,9.3801,9.38858,0.9979,7.00361
A*,200,Hard,50,9.3801,9.38263,0.9974,7.04522
Local,200,Hard,0,266.247,0,0.9845,7.21676
Local,200,Hard,1,266.247,0.530501,0.9847,7.16513
Local,200,Hard,5,266.247,3.66824,0.9848,7.18268
Local,200,Hard,10,266.247,7.21911,0.9855,7.12714
Local,200,Hard,20,266.247,12.3312,0.9853,7.20095
Local,200,Hard,50,266.247,30.0997,0.9856,7.1942
Hierarchy,200,Hard,0,354.909,0,0.9883,7.23444
Hierarchy,200,Hard,1,354.909,1.41345,0.988,7.17733
Hierarchy,200,Hard,5,354.909,7.93094,0.9879,7.18625
Hierarchy,200,Hard,10,354.909,18.079,0.9875,7.16678
Hierarchy,200,Hard,20,354.909,27.4634,0.9847,7.15619
Hierarchy,200,Hard,50,354.909,64.4732,0.9871,7.12106
A*,300,Easy,0,24.3032,0,1,4.4787
A*,300,Easy,1,24.3032,24.2041,1,4.474
A*,300,Easy,5,24.3032,24.2622,1,4.5293
A*,300,Easy,10,24.3032,24.2326,1,4.5117
A*,300,Easy,20,24.3032,24.2959,1,4.4937
A*,300,Easy,50,24.3032,24.3398,1,4.5307
Local,300,Easy,0,273.361,0,0.9992,4.76631
Local,300,Easy,1,273.361,0.898346,0.999,4.71481
Local,300,Easy,5,273.361,2.82359,0.9991,4.72395
Local,300,Easy,10,273.361,6.65819,0.9992,4.72428
Local,300,Easy,20,273.361,14.1872,0.9991,4.71054
Local,300,Easy,50,273.361,34.0906,0.9993,4.68238
Hierarchy,300,Easy,0,344.461,0,0.9984,4.65915
Hierarchy,300,Easy,1,344.461,2.00829,0.9981,4.6847
Hierarchy,300,Easy,5,344.461,6.80136,0.9984,4.67889
Hierarchy,300,Easy,10,344.461,14.8863,0.9991,4.63607
Hierarchy,300,Easy,20,344.461,34.1016,0.9981,4.67388
Hierarchy,300,Easy,50,344.461,68.3746,0.9983,4.62406
A*,300,Medium,0,16.9238,0,0.9998,4.66153
A*,300,Medium,1,16.9238,16.8943,0.9997,4.6595
A*,300,Medium,5,16.9238,16.916,0.9999,4.68847
A*,300,Medium,10,16.9238,16.9686,0.9998,4.70994
A*,300,Medium,20,16.9238,16.8952,0.9997,4.69461
A*,300,Medium,50,16.9238,16.9252,0.9997,4.72742
Local,300,Medium,0,276.927,0,0.9977,4.8689
Local,300,Medium,1,276.927,1.63772,0.9983,4.8817
Local,300,Medium,5,276.927,4.8739,0.9967,4.95515
Local,300,Medium,10,276.927,8.5254,0.9977,4.95139
Local,300,Medium,20,276.927,16.2857,0.9975,4.84632
Local,300,Medium,50,276.927,33.2347,0.9977,4.86559
Hierarchy,300,Medium,0,348.152,0,0.9985,4.84507
Hierarchy,300,Medium,1,348.152,3.22959,0.9977,4.84865
Hierarchy,300,Medium,5,348.152,10.0605,0.9992,4.86169
Hierarchy,300,Medium,10,348.152,19.6071,0.9987,4.83529
Hierarchy,300,Medium,20,348.152,31.8884,0.9988,4.81027
Hierarchy,300,Medium,50,348.152,70.3495,0.999,4.81632
A*,300,Hard,0,19.8799,0,0.9984,6.89163
A*,300,Hard,1,19.8799,19.8573,0.9979,6.95982
A*,300,Hard,5,19.8799,20.0523,0.9988,6.95114
A*,300,Hard,10,19.8799,20.0548,0.9984,6.97596
A*,300,Hard,20,19.8799,19.8967,0.9983,6.92577
A*,300,Hard,50,19.8799,19.9272,0.9983,6.94781
Local,300,Hard,0,401.622,0,0.9857,7.20615
Local,300,Hard,1,401.622,1.14065,0.9869,7.14429
Local,300,Hard,5,401.622,6.96065,0.9885,7.0783
Local,300,Hard,10,401.622,8.53276,0.9867,7.03304
Local,300,Hard,20,401.622,22.1169,0.9871,7.07487
Local,300,Hard,50,401.622,44.0369,0.9875,7.06461
Hierarchy,300,Hard,0,510.072,0,0.9888,6.94751
Hierarchy,300,Hard,1,510.072,3.09659,0.9908,6.99142
Hierarchy,300,Hard,5,510.072,14.3773,0.9894,7.0286
Hierarchy,300,Hard,10,510.072,22.8476,0.9896,7.00182
Hierarchy,300,Hard,20,510.072,48.9187,0.9893,6.9722
Hierarchy,300,Hard,50,510.072,90.8335,0.9898,6.97424
